13405499,地坛公园交通便利，地铁安定门出站，步行十分钟，从西天门进入，地铁雍和宫出站，从南天门进入。公园面积不小，门票二元，可看的内容不多，建筑物简单，规模小。主要有方泽坛、皇衹室、斋宫、钟楼、神马殿、宰牲亭。公园绿化好，松柏长青，树木繁多，比较出名的是银杏大道。,/Date(1677413355000+0800)/,1
217487102,300年。历年来地坛公园一直重视古树的维护管理工作，每棵古树都有相应的档案记录，并设专人维护，2005年地坛公园完成了古树复壮工程，对全园古树进行了一次彻底的维护保养，以此保证古树的茁壮生长。公园内最著名的就是独臂将军柏和大将军柏、老将军柏三棵古树。,/Date(1670209587000+0800)/,1
5285012,"地坛公园是我每年的秋天都会去的宝藏公园！人少景美，无论是拍景还是拍人文都可！

🍀时间：建议工作日的上午去，阳光刚好可以打在银杏上，非常漂亮，当然下午也可以看火红的枫叶在夕阳中的景。公园里游客不多，大多是来下象棋的，跳舞，玩乐器的大爷大妈，浓浓的生活气息。

🍀拍照建议：1. 从北门进入就可以看到一条长长的银杏大道，这里也是游客最常打卡的地方，因为既可以拍到古香古色的建筑，又可以拍遮天蔽日的银杏树。

2. 往东走是成片的枫叶林，游客比银杏大道少，超级超级出片，也有很多古建筑，比如小亭子，小桥流水，栏杆等等，地坛公园本来就不大，建议东边多走一走，绝对不会后悔。去的时候刚好有一对新人在拍婚纱照，学习到了很多出色的机位

3. 西边主要是绿色的古树，还有超级多的鸽子！！现在不卖鸽食了，可以自己带来喂，很好玩",/Date(1666252440000+0800)/,1
367452835,是中国现存的最大的祭地之坛。地坛有方泽坛、皇祇室、牌楼、斋宫等著名旅游景点,/Date(1677903840000+0800)/,0
396094,地坛公园又称方泽坛，是古都北京五坛中的第二大坛。地坛公园位于北京市东城区定门外大街，占地37.4公顷。公园始建于明代嘉靖九年，是明清两朝帝王祭祀&quot;皇地袛神&quot;的场所，也是中国现存的最大的祭地之坛。,/Date(1661732222000+0800)/,0
18141211,从小都去的公园，尤其是有图书展销会的时候。春节的庙会也是传统的特色。,/Date(1679240973000+0800)/,0
3146912,北京地坛公园是北京有名的公园，位于东城区，距离雍和宫地铁站很近。,/Date(1680449323000+0800)/,0
35546121,相比于原本的祭坛功能，每年春节期间的庙会反倒更有名气。,/Date(1674733505000+0800)/,0
468498410,这里有三百年以上的古树，古树参天，写满了历史。,/Date(1680773972000+0800)/,0
4051619,环境不错，周边居民锻炼身体的地方。,/Date(1677135871000+0800)/,0
366096918,地坛又称方泽坛，是古都北京五坛中的第二大坛。始建于明代嘉靖九年(公元1530年)是明清两朝帝王祭祀“皇地祇神”的场所，也是我国现存的最大的祭地之坛。,/Date(1662472264000+0800)/,0
39465692,秋天的地坛公园，非常漂亮，蓝天再蓝一点会更好。,/Date(1665828456000+0800)/,1
838912,地坛容易被人忽略，其实地坛还是很有皇家气派和历史文化的。值得一看。,/Date(1679237616000+0800)/,0
2224445,春节期间游人很多，各色的民俗活动和小吃不错,/Date(1674920419000+0800)/,0
13188945,地坛公园又称方泽坛，在中国北京安定门外，是明世宗以后明清两代皇帝每年夏至祭祀土地神的地方。地坛始建于明代嘉靖九年（公元1530年），是中国现存的最大的祭地之坛。坛内总面积37.4公顷，呈方型，整个建筑从整体到局部都是遵照中国古代“天圆地方”、“天青地黄”、“天南地北”、“龙凤”、“乾坤”等传统和象征传说构思设计的。地坛现存有方泽坛、皇祇室、宰牲亭、斋宫、神库等古建筑。值得一去。,/Date(1668092574000+0800)/,0
8825542,"地坛位于北京市东城区安定门外大街，与天坛遥相对应，与雍和宫、孔庙、国子监隔河相望。
地坛始建于明代嘉靖年间，是明清两朝帝王祭祀“皇地祇神”的场所，也是中国现存的最大的祭地之坛。",/Date(1662775069000+0800)/,0
266132854,地坛又称方泽坛，是北京五坛中的第二大坛，位于北京市东城区安定门外大街，与天坛遥相对应，与雍和宫、孔庙、国子监隔河相望。,/Date(1665450851000+0800)/,2
28604644,去地坛公园有多条线路公交车可以直达。,/Date(1674049678000+0800)/,0
227732576,心里还挺不错的，门票也不贵，可以来,/Date(1671852137000+0800)/,0
630966,很有特色的公园。逛逛很有意思。,/Date(1672980025000+0800)/,0
1652716,"地坛公园里的九坛八庙文化展览广场，可以很好的学习这些知识点。
九坛八庙，指京城九坛和京华八庙。九坛，即天坛、地坛、祈谷坛、朝日坛、夕月坛、太岁坛、先农坛、先蚕坛和社稷坛诸坛，这些都是明清帝王们进行各种祭祀活动的地方；八庙系指太庙、奉先殿、传心殿、寿皇殿、雍和宫、堂子、文庙和历代帝王庙。",/Date(1646040514000+0800)/,4
10747004,没有多大，看点不多。旁边是传染病医院。,/Date(1675158179000+0800)/,0
14186056,方泽坛就是地坛的祭坛，在地坛公园南部，收费五元可入内参观。地坛是北京“五坛”之一，地位应排第二，在天坛之后，但在日坛、月坛、先农坛之前。其实北京还有“九坛”的说法，在五坛之外再加上社稷坛、太岁坛、祈谷坛、先蚕坛，都是皇家祭祀的场所。地坛是中国最大的祭地场所，也是举行祭地活动最多的场所，历史上明清两朝共由皇帝或皇帝指派大臣在这里举行四百多次祭祀活动。祭坛上的砖石特意设置成偶数，因偶数属“阴数”，正与“天阳地阴”的说法相符。,/Date(1649323379000+0800)/,1
203696729,周末非常适合去的地方，交通也方便,/Date(1661868932000+0800)/,1
367452835,早晚遛弯散步人比较多，环境还是挺好的，交通方便,/Date(1664544541000+0800)/,0
1117346,公园占地面积大，绿化养护好，市民比较多。,/Date(1661908340000+0800)/,0
4613789,编辑地坛公园的银杏大道非常吸引人。,/Date(1667046197000+0800)/,0
4562100,北京地坛公园的秋天是金黄色的世界。,/Date(1667045379000+0800)/,0
203696729,北京一定要去的地方，交通也很方便,/Date(1662296308000+0800)/,0
10747004,地坛不大，了解点历史和作用更好，否则看点不多。,/Date(1674004400000+0800)/,0
217487102,地坛有方泽坛、皇祇室、牌楼、斋宫等著名旅游景点，于1925年被辟为京兆公园。地坛始建于明代嘉靖九年（1530年），是明清两朝帝王祭祀“皇地祇神”的场所,/Date(1648739300000+0800)/,0
95339337,"地坛，又称方泽坛，位于北京市东城区安定门外大街地坛公园内，与天坛遥相对应，始建于明嘉靖九年（1530年），是一座皇家坛庙，是明清两朝帝王祭祀“皇地祇”神的场所
地坛总面积37.4公顷，呈方型，从整体到局部都是遵照中国古代“天圆地方”、“天青地黄”、“天南地北”、“龙凤”、“乾坤”等传统和象征传说构思设计的，另配有皇祇室、宰牲亭、斋宫、神库等古建筑",/Date(1659493282000+0800)/,1
230921536,"20220729   夏日炎炎，傍晚的时候去地坛公园溜达，消暑纳凉。
地坛又称方泽坛，是北京五坛中的第二大坛，位于北京市东城区安定门外大街，占地37.4公顷，与天坛遥相对应，与雍和宫、孔庙、国子监隔河相望。
地坛始建于明代嘉靖九年（1530年），是明清两朝帝王祭祀“皇地祇神”的场所，也是中国现存的最大的祭地之坛。地坛有方泽坛、皇祇室、牌楼、斋宫等著名旅游景点，于1925年被辟为京兆公园。",/Date(1659310746000+0800)/,1
95339337,坛公园又称方泽坛，是古都北京五坛中的第二大坛。始建于明代嘉靖九年（公元1530年），占地面积37.3公顷。地坛是一座庄严肃穆，古朴幽雅，具有悠久历史文化的皇家坛庙，是明清两代帝王祭祀&quot;皇地祗神&quot;的场所。1984年５月２４日，北京市人民政府正式公布地坛为市级文物保护单位。地坛现存有方泽坛、皇祗室、宰牲亭、斋官、神库等古建筑。近年来又增建了月季园、牡丹园等新的园林景点。,/Date(1658983259000+0800)/,1
33880752,地坛在安定门在，坐地铁到安定门站，地坛西门外还有公交车，交通比较方便。地坛不算大，十几二十分钟就能转一圈，西门外有一个比较长的引道，两旁有很多银杏和柿子树，赶上北京第一场雪，柿子挂在枝头很漂亮！,/Date(1639657427000+0800)/,3
217487102,地坛始建于明代嘉靖九年（1530年），是明清两朝帝王祭祀“皇地祇神”的场所，也是中国现存的最大的祭地之坛。地坛公园的雪景也是美丽的。,/Date(1648293410000+0800)/,0
217487102,于1925年被辟为京兆公园。园内草坪面积14.52万平方米，绿化覆盖率达78.8%，现存百年以上古树176株，其中一级古树89棵。,/Date(1651562382000+0800)/,0
217487102,地坛始建于明代嘉靖九年（1530年），与天坛遥相对应，与雍和宫、孔庙、国子监隔河相望。北京的大雪地坛公园迎来了大量的摄影爱好者。,/Date(1647833676000+0800)/,0
27025856,地坛始建于嘉靖年间，来自天圆地方的古代认知，整个祭坛呈方形。地坛又名方泽坛，这名字来源于坛下的方形水泽整个公园也受此布局影响，公园道路也笔直方正。来到这里让我想起史铁生的《我与地坛》。,/Date(1657359574000+0800)/,1
1652716,"地坛公园一共四个门，分别是西门（安定门外大街）、东门（和平里南街与和平里西街交汇的地方）、南门（和平里西街，面冲雍和宫）、北门（和平里中街），其中安定门外大街的地坛西门最大。
南门对面就是大名鼎鼎的金鼎轩，马路对面是雍和宫。附近也有一个小小的街心公园，整修的还不错。",/Date(1647043298000+0800)/,0
97496272,"我和你的地坛
        初到北京，我第一想到的就是地坛。我喜欢史铁生，但我没完整的读完他的任意一本书，可并不影响我对他的尊敬。或许我来走一遍他的地坛，就能更透彻的理解他对人生和命运的解读。
         大门口的【售票处】三个字，煞是亮眼，这必定不是史先生所想看到的。
        地坛，的确如史先生说的那样，很静谧，只有三三两两的在散步或从中穿过，不，还有几只鸟，呀呀喳喳，在树上叫着 。中间道路两边巨大的银杏树，很有精神的秀着他们的绿色，表示着对地坛的守卫。
        “小伙儿，进去要收费，两元儿”。原本以为地坛就这么小，正有点小惆怅，突然被这叫卖声所惊喜，原来，马上才将进去史先生的心脏，只是，太过廉价，应该涨价。但这两元，好像又带了点烟火气，要是真的贵了，反而有点世俗。
     心脏之地，甚是敞亮，果然更让我接近了史先生。现在，我应该可以去找寻他最爱的那棵大树，到它身下沉寂一下思绪。
 这些“咕咕”很是大胆，只顾埋头嗦着地上的面包屑，我走近毫不退缩，它大概是想，“我连史先生这种伟人都不退缩，对你，自然&amp;#39;&amp;#39;何惧之有&amp;#39;&amp;#39;”。找了路边的椅子坐下，假装自己是史先生，开始观察这心脏里的人、事、物，仿佛我看到的一切都是史先生所曾看的那一切。
     六月，还没大热，五点多的地坛更是凉爽惬意。带着儿字音的“北京话儿”在耳边缭绕，很是好听，史先生必定也是操着这标准的北京话跟人搭着话。
      现在的地坛在史先生的影响下，肯定比他呆过的好，这好地方，还真的不愿意离开了。",/Date(1496979679000+0800)/,59
73776081,"不是他与地坛而是我与地坛。
地坛，想必绝大多数人都是通过史铁生那部&amp;lt;我与地坛&amp;gt;知道它。顺路经过这座冷清却不荒凉的地方。
这会是一个怎样的地方？让史铁生认为这古院便是为了等他，安放了失去双腿的失魂落魄的青年，承载了他15年的青春，外面的世界留有余地让他逃避到了另一个世界。
北京的北二环，最热闹的地方居然还有这样一方静处，两元的门票，来园子里的人想必都是附近的居民。又有几人闲情逸致特意来这样一个没景点的公园呢？这样想自己真是怪人。
步入园子，才知可供选择的路如此多。走几步便是一个十字路口，不用思考选择哪一条路，因为每一条路都空空荡荡，不同的路也许有不同的景象，就像人生一样，但古园的路可以回头。园子的空气很清新，忍不住多吸几口，洗去残余的雾霾。满目见到的只有松，听到的只有雀声。你无需知道自己走到了哪一条路，它不像其他的地方，战战兢兢拿着地图，问着路人。生怕错过了某些重点。
这里最大的景点便是你自己。耳机里播放着电台正在读的&amp;lt;我与地坛&amp;gt;。感动于一句话：一个人更容易看到时间，并看到自己的身影。
但地坛绝不是孤独的，并不是一个人来漫步便是最好的。史铁生在书中写道，他在园子里的十五年，有一对夫妇每天薄暮都会来到这里逆时针散步，妻子像孩子一样挂在丈夫的身上行走着。一走便是十五年，从中年到老年。
若干年过去，仍有夫妻情侣家庭将这里当做承载身心的好去处。
甚至盛放兴趣。慢慢往里走，忽的听到熟悉的歌声，几个中老人正在此处排练京剧，乐器不多，三件而已，剩下的乐器及配乐全靠老人们的嘴，别样的口技！京剧一直只知其声，亲临现场才知，不靠话筒不靠后期，京剧的魅力足以让过路人停住脚步。他们大概是在此处排练，第一次来地坛，不知他们以往排练了多久，下一次何时来地坛，不知他们的排练终点在何处。
地坛不变，史铁生写的和我看到的大概一模一样。地坛在变，那对老夫妻还有残疾双腿的青年不会再来。如何见证地坛变与不变，便只有松，像清泰陵那样多到耀眼的松，它们见证着，一代人一代人的走过。从开始到现在。",/Date(1479632879000+0800)/,68
3534476,"车票该签，有几个小时的空，地铁过雍和宫临时起意，到地坛一游。一直想着去转，去的时候还要带上《我与地坛》，看到古树、鸽子和幽静的角落，或许因为中午去的没见到跑步的人（书里有这段），感慨一下斯人已去。
看到庙邸里山有山神、海有海神，与外面的一神明显有区别。和马路对面的雍和宫比这里安静多了，走在外面路上闻到浓郁的香火味，有所求的人多啊。",/Date(1470742693000+0800)/,16
7938572,地坛又名方泽坛、是原来皇上祭地神的地方、有好几百年的历史了、平日的地坛很安静庄严的、、树木非常的多、很多都是古树、还有很多的鸽子、有门球场地、健身操地、还有养生乐园、是老百姓常去的市民公园之日。冬天会举办庙会、春秋还会有书市。,/Date(1462931058000+0800)/,17
1652716,"地坛公园也专辟空地修了门球场。
地坛公园的门球场大概是北京最早开展门球运动的场地了，至少也得有20几年的历史了，经常性的有各种比赛，参与门球运动的几乎都是老年人，从运动员到裁判都是。看起来很有意思。",/Date(1646311708000+0800)/,0
450749,北京的地坛公园和对应的天坛公园以及日坛公园、月坛公园一样都是古代遗留下来的祭祀活动场所，现在是市民活动之地。地坛公园虽然没有天坛公园的名气大，但是活动的场所并不少，其中门球场地就是这里特有的活动场所，每天很多老球友们在这里运动。,/Date(1646382275000+0800)/,1
175657402,"故都的秋：降雪前的金黄世界…
忽然，脑海中冒出“当窗理云鬓，对镜贴花黄”。

秋天，无论在什么地方的秋天，总是好的；可是啊，北国的秋，却特别地来得清，来得静，来得悲凉。我的不远千里，要从杭州赶上青岛，更要从青岛赶上北平来的理由，也不过想饱尝一尝这“秋”，这故都的秋味。",/Date(1636215662000+0800)/,1
24287193,地坛公园的花都开了，前来赏花的游客络绎不绝。公园门票才3元，价格很是亲民，可以西门入园，沿北走，边走边拍，梨花、桃花、海棠花🌸。,/Date(1617926338000+0800)/,3
217487102,地坛又称方泽坛，是北京五坛中的第二大坛，与天坛遥相对应，与雍和宫、孔庙、国子监隔河相望。地坛公园的雪景和故宫的雪景相比另有一番景色。,/Date(1636584971000+0800)/,0
1649913,门票两元，儿童票一元。银杏林很茂盛，往里走很多松树，松树里很多鸽子找小虫吃，每只鸽子都很肥美😄😄😄，还有很清澈的水流，特别适合睡个下午觉,/Date(1620217755000+0800)/,3
21217447,"☘️上一次的北京之行已经游玩过天坛了，所以这一次奔着深度游，特地安排上了地坛。

☘门票️🎫：2元/人。如果参观方泽坛与皇祇室则加收5元/人。

☘️地坛是明清帝王祭祀“皇地祇神”的场所，地坛有方泽坛、皇祇室、牌楼、斋宫等景点。园内大部分古树的树龄均超过三百年，令人叹为观止。

☘️方泽坛与天坛相比，少了一份奢华，多了一份地气。

☘️漫步在地坛公园内，正好遇到工作人员在收集银杏果子，满地的银杏果伴随浓烈的气味随风飘散，甚是壮观。",/Date(1641397240000+0800)/,2
109228181,"【景色】非常美，各种花，各种树，一年四季都有不同的景色
【趣味】绿化覆盖率非常高，
【性价比】超级优秀！！免费哦，软件上的门票不用理，现场是自行进入的",/Date(1635808762000+0800)/,0
3393681,地坛庙会代表着老北京文化，每年的大年初一都会有庙会，在安定门附近，交通很便利出了安定门地铁口就到了，进入地坛后给人一种幸福安康的幸福感。,/Date(1643008205000+0800)/,0
7266397,地坛公园又称方泽坛，是帝都北京五坛中的第二大坛，是现存的最大的祭地之坛。原本去看银杏大道的，去的早，树叶还没有黄。人很少，但是天气好，感觉分外的轻松。附近有地铁站，出行很方便。值得去。,/Date(1479218159000+0800)/,7
21573315,周中来打卡的时，人流并不特别，看到不少人在红墙前面凹造型摆拍。进公园是免费的，但进去参观地坛需要另外付费，一定要做好防晒。,/Date(1633700829000+0800)/,0
30152713,每年的10月下旬到11月上旬，园内的银杏大道都是北京人民拍摄黄叶的热点，从北门进去后便可以看到。地坛公园内的银杏大道是北京最古老的银杏路，其中有些银杏树是在明朝建坛时就种下的，每到黄叶时节满眼金黄，十分漂亮。,/Date(1483188735000+0800)/,4
217308707,地坛是北京五坛中的第二大坛，也是我国现存的最大的祭地之坛。秋天是地坛最美的季节，满园的银杏树金灿灿，在地坛上，还会有仿清的祭地表演，展示了皇帝祭祀大典的盛况。,/Date(1618472892000+0800)/,2
220550372,看到了两排漂亮的银杏，人流不是很多，我就再也挪不开脚步了，因为真的真的好美，银杏叶全都黄了，风一吹银杏叶缓缓飘落，人置身其中，真的是教科书般的秋天了，就两排银杏树，我就玩了两个多钟，可见深爱程度，超级满足，这算一天中最大的惊喜了。,/Date(1588679201000+0800)/,3
397113,地坛公园原是皇家祭地的场所，现在是休闲公园。客流上没有天坛人多，但绿化更好。在城市中，闹中取静。,/Date(1646349542000+0800)/,0
65379354,地理位置好，多条公交地铁直达，公园挺大的，环境也不错，每天人挺多的，以前也办过书市和庙会演出等,/Date(1647294727000+0800)/,0
6848185,北京地坛公园是我们一家历年过年必去逛的地方，那里有大大的羊肉串，有各种小吃和特产，热闹的很。,/Date(1655910206000+0800)/,0
12031873,北京地坛公园交通方便，离地铁站很近，里面有很多好玩的，小孩子很喜欢，希望下次再来,/Date(1652440832000+0800)/,0
57289554,十一月的地坛公园，正是踏秋的最好时节。银杏叶子已经金黄，枫叶也红得恰到好处。银杏叶和枫叶是两种不同的美，银杏叶美在整体，而枫叶美在细节。赏银杏叶，需要站在银杏大道的一边让视线向远延伸，感受一片金光的璀璨，那是一种“甲光向日金鳞开”的震撼之美。而赏枫叶，只需要站在一棵枫树下，仔仔细细地端详一片片深红的叶子，那是一种“玲珑骰子安红豆”的精致之美。,/Date(1635925790000+0800)/,0
1117346,地坛公园占地面积大，每年的庙会有特色。,/Date(1653979774000+0800)/,2
4852894,北门梨花白 快谢了 大家赶紧去看看吧,/Date(1650013144000+0800)/,0
4562100,北京地坛公园有一条著名的银杏大道，秋天的时候满目金黄，非常漂亮。,/Date(1649370410000+0800)/,0
2541436,"地坛又称方泽坛，是北京五坛中的第二大坛，位于北京市东城区安定门外大街，占地37.4公顷，与天坛遥相对应，与雍和宫、孔庙、国子监隔河相望。
地坛始建于明代嘉靖九年（1530年），是明清两朝帝王祭祀“皇地祇神”的场所，也是中国现存的最大的祭地之坛。地坛有方泽坛、皇祇室、牌楼、斋宫等著名旅游景点，于1925年被辟为京兆公园。园内草坪面积14.52万平方米，绿化覆盖率达78.8%，现存百年以上古树176株，其中一级古树89棵。",/Date(1612678594000+0800)/,1
1652716,"地坛公园最值得一看的当然是方泽坛，但是祭天的仪式在每年春节庙会上才容易看到。
地坛有东南西北四个入口，南门比较方便，紧邻二环路，交通方便。
地坛没有天坛那么有名气，但是史铁生的《我与地坛》是最有名气的，好像城南往事一样，有一种情节。
秋季的地坛美如画，遍地银杏，忘记了何处。",/Date(1604985570000+0800)/,1
897521,"地坛公园是北京的一个最新秋游目的地，在过去的北京都是以香山公园为主，后来又有了钓鱼台国宾馆的周边路，那里就是以银杏树叶为主，不
如今在北京的北方，二环路的正北边有一个地坛公园，这里可以看到进去的路上的两旁的银杏树叶，金黄色的秋叶给人们带来了极大的喜悦，这里可以看到北京人赏秋叶的一个风景区。",/Date(1604068292000+0800)/,1
4613789,北京地坛公园每年春节都会举行游园庙会，吃喝玩乐一条龙。,/Date(1658669862000+0800)/,0
54615591,地坛公园位于北京市雍和宫附近，原是皇家祭祀五谷丰登之地，还保留着祭祀神坛，收取门票5元。现在成了附近居民生活锻炼，养生运动的地方。园林绿树花草植物繁多，有银杏大道，景色很美,/Date(1623040090000+0800)/,0
4999993,祭祀土地，祈福丰收，地坛作为古代祭祀之地，很有地位,/Date(1651123568000+0800)/,0
160745780,很值得一去的公园，有很多鸽子，可以带小朋友去喂哦,/Date(1655275928000+0800)/,0
54615591,地坛公园，离家很近，天好时都会去那里遛弯锻炼，这里老人小孩来唱歌跳舞，锻炼玩耍的人很多，还有健身器材，赏景还健身，秋天有著名的银杏大道来欣赏，摄影爱好者者来这里抓拍风景,/Date(1634711102000+0800)/,0
392704182,这里环境景色宜人是人们旅游度假娱乐度假娱乐度假,/Date(1654068976000+0800)/,0
1834839,2元门票玩一天你说爽不爽，但是停车费就要大几十,/Date(1647238404000+0800)/,0
26549414,景色不错，很幽静的感觉，保护的也是非常好的！,/Date(1658933736000+0800)/,0
114820708,这里平常的时候非常安静，适合散散心，推荐去。,/Date(1646002535000+0800)/,0
1117346,在雍和宫附近，交通方便，距离地铁站不远。,/Date(1656140085000+0800)/,0
897521,"北京的地坛公园是北京赏秋的后来居上者，以往的香山公园红叶距离北京城里比较远，后来人们突然发现北京的地坛之秋也很美丽，于是乎，开始有人热衷于地坛之秋了。
地坛公园打的牌是白果树，这种树木到了秋天，所有叶子变成了金黄色，看上去煞是美丽，给人的感觉是富贵，是荣华富贵的金色熠熠生辉。
北京地坛与天坛一个样是过去皇帝祭奠地的，不比天坛那是天堂，地坛就是地狱，所以到这里的人并不是很多。
如今，这里可以看到很多白果树，到了秋天金色的白果树秋叶把地坛之秋打扮的漂漂亮亮，来的人多了，就成了一种风尚。",/Date(1610981761000+0800)/,0
12337743,"地坛拥有北京金秋时节最美的景致。法国文学家阿尔贝·加缪曾说过“秋天是第二个春天，每一片叶子都是一朵花”。
而拥有世界遗产，拥有众多“皇家园林”的北京，不仅让我们看到了“春之花”般灿烂的秋天美景，更让我们沉醉在中国园林艺术的瑰宝中…
北京，在秋天的斑斓时光中，打造了独属于自己的史诗般的动人乐章。",/Date(1604672744000+0800)/,0
24862153,地坛公园门票2元，西北部有斋宫，看起来是老建筑，没有开放。地坛的祭坛是方形的，叫方泽坛，单独收费5元。斋宫的北面是新修的钟楼和神马殿。东北部有个养生园，修了亭廊和茶社，种着植物和中草药，环境不错！在致和亭有几个曲艺爱好者演出快板书，还有拉胡弦吹笛子的，器材活动场地也不小，是个适合老人孩子逛的公园。,/Date(1591510065000+0800)/,4
4448986,方泽坛就是地坛，明、清两代皇帝祭祀地神的场所，与天坛的圆相对应，地坛是一个方型的坛，契合天圆地方。方泽坛很大很开阔，四周红墙围绕，中间是高高的祭祀坛，没有天坛精致。方泽坛在四边正中都有门，东西两门如今都不开，南门正对摆放地神神位的皇祇室，北门正对地坛公园知名度最高的银杏大道。,/Date(1590068292000+0800)/,0
4562100,地坛公园的春节庙会非常热闹，欢天喜地。,/Date(1658670077000+0800)/,0
1117346,与天坛公园相对应，公园占地面积比较大。,/Date(1656399303000+0800)/,0
839726,方方正正的一个人公园有四个男门票两块。,/Date(1646832120000+0800)/,0
98000668,雍和宫附近的著名公园，天地日月四坛之一,/Date(1645885571000+0800)/,0
4613789,地坛公园每年都举办庙会，非常热闹。,/Date(1649284025000+0800)/,0
1117346,公园占地面积比较大，市民比较多。,/Date(1657199514000+0800)/,0
1117346,与天坛公园遥相呼应，规模比较大。,/Date(1656831313000+0800)/,0
1117346,现在这里暂时关闭，采取应急措施。,/Date(1650782908000+0800)/,0
16105760,这是皇家园林啊，古代皇帝祭祀大地丰收国泰民安的场所，北京最有名的祭祀天、地、日、月的四大公园—天坛公园、地坛公园、日坛公园、月坛公园之一，值得再来一趟。,/Date(1623944947000+0800)/,0
203696729,非常值得去的景点，交通也很方便,/Date(1661009231000+0800)/,0
249449291,银杏叶和枫叶是两种不同的美，银杏叶美在整体，而枫叶美在细节。赏银杏叶，需要站在银杏大道的一边让视线向远延伸，感受一片金光的璀璨，那是一种“甲光向日金鳞开”的震撼之美。,/Date(1588489920000+0800)/,1
54615591,地坛公园在和平里中街附近，离家很近，经常在这里走步锻炼，地坛公园原来是皇帝祈福五谷丰登的地方，原来地坛庙会都有皇帝祭祀活动，因疫情庙会也取消了。,/Date(1643199081000+0800)/,0
4448986,地坛公园原来是皇家祭祀的场所，红墙黄琉璃瓦，古松参天，非常气派。这里每年秋天，银杏叶遍地，像地毯一样铺满银杏大道，秋风瑟瑟，银杏叶飘落，非常壮观，人们享受在落英缤纷的秋季，乐此不疲。,/Date(1586671956000+0800)/,0
1034229,"地坛公园是满载着童年记忆的地方，小学、中学时代的多少周末，都是由这里的快乐填充…[调皮]
那时没有手机📱、甚至也没有电子游戏，好像每天留的作业也没有现在那么多……总是时间很多的样子。哈哈😄
而今的一切都换了人间一样…也许这就是改革的目的吧。
静下心来，认真拍几张静物，关注细微，于苍翠欲滴之中……",/Date(1593770820000+0800)/,1
37001784,地坛公园又称方泽坛，是古都北京五坛中的第二大坛。地坛公园位于北京市东城区安定门外大街，占地37.4公顷。公园始建于明代嘉靖九年（公元1530年），是明清两朝帝王祭祀“皇地祇神”的场所，也是中国现存的最大的祭地之坛。地坛公园有方泽坛、皇祇室、牌楼、斋宫等著名旅游景点。,/Date(1590054199000+0800)/,1
255493831,地坛还没到逛庙会的时候，但周末天气好的时候人已经非常多了，一进门的银杏大道吸引了很多游客。已经没办法平视拍照片了，转而去拍古老的红墙黄瓦，好在可拍的角度很多。,/Date(1605157177000+0800)/,1
16105760,地理位置好，交通便利，周围配套设施齐全，吃喝玩乐购一应俱全，里面散步锻炼玩耍都可以了，有健身器材区域，有银杏大道，秋天来了美不胜收。,/Date(1633096270000+0800)/,0
24862153,方泽坛就是地坛的祭坛，最早见于明嘉靖九年，取天圆地方，因此是正方形的。中心坛台分上下两层，下层坛台摆有山形纹和水形纹石雕座，供奉诸神的，外周有两层矮墙和石框门。原来不收费的，现在改为收费了，这点不合理，天坛的圆丘都不另收费，况且地坛还收2元的大门票呢！,/Date(1592704281000+0800)/,4
65652026,地坛公园又称方泽坛，是古都北京五坛中的第二大坛。地坛公园位于北京市东城区安定门外大街，占地37.4公顷。公园始建于明代嘉靖九年（公元1530年），是明清两朝帝王祭祀“皇地祇神”的场所，也是中国现存的最大的祭地之坛。地坛公园有方泽坛、皇祇室、牌楼、斋宫等著名旅游景点，一进门的银杏大道很有规模，女儿是读了史铁生的文章去追寻足迹的，但什么也没寻找。,/Date(1584979056000+0800)/,0
25037036,我与地坛，地坛与我。来到这个地方，非常的安静，方方正正，还有历史和现代的故事，散步其中，感觉像是穿越了时间，挺好的。,/Date(1635831309000+0800)/,0
24714090,没想到，地坛虽然有个广场有不少鸽子，到时前两天去确被这对儿斑鸠抢了戏，好有爱！地坛，原先就知道每年庙会在这里，这次去，感觉真是不同，挺美好的，绿树成荫。,/Date(1590708093000+0800)/,0
3412461,两元门票，里面的博物馆另外收5元。现在的银杏加剩下不多的红叶把公园装点得极其漂亮。银杏全部变黄了，剩下60%，左右，要看抓紧时间。,/Date(1605021206000+0800)/,1
249449291,赏银杏叶，需要站在银杏大道的一边让视线向远延伸，感受一片金光的璀璨，那是一种“甲光向日金鳞开”的震撼之美。而赏枫叶，只需要站在一棵枫树下，仔仔细细地端详一片片深红的叶子，那是一种“玲珑骰子安红豆”的精致之美。,/Date(1589161904000+0800)/,1
8477344,太商业化了，没小时候的看感觉。小时候是紫藤漫天，青草满地。现在这公司办公，广告推销于一体的感觉。,/Date(1625985948000+0800)/,0
28572500,古代祭土地爷的地方，就在北京二环外，地铁雍和宫站可到。春日的北京草长莺飞，疫情得到有效控制的情况下，来这里踏踏青，换换心情是很好的选择。,/Date(1584780305000+0800)/,0
485821,几块钱门票，可以溜达一上午。有的内部景点还要再买票。,/Date(1646007956000+0800)/,0
220550372,地坛公园我更多的是看到它的那份静，这里很安静，不像别的景区那样，游客忙于打卡拍照，这个景区内有许多的鸽子，看到许多小孩子在喂鸽子，我知道了史铁生为什么经常来到这里了，他在这里看到了自己的新生。,/Date(1587339931000+0800)/,1
255493831,这个假期北京人都被憋得太久了，能跑的都出去旅游，像地坛这样大名鼎鼎的市内景点反而有点冷清。不过这样正好，也有很多人是喜欢清静的。,/Date(1602395829000+0800)/,0
217487102,很多人都知道地坛公园有地坛书市，地坛庙会，地坛公园还有一个很著名的地方，就是地坛公园的银杏大道，这是在北京观赏银杏的最佳地方。,/Date(1606897739000+0800)/,0
897521,北京有天坛，地坛，日坛和月坛，如今可以看的基本除了月坛以外都可以看到，由于地坛是拜鬼的，所以少有人去，保护的也算比较好的地方。,/Date(1593930538000+0800)/,0
897521,北京有天坛，地坛，日坛，月坛，其中地坛来的人最少，皇上拜地是有讲究的，皇上最怕死，整个国家都是他的，他可以为所欲为，多舒服。,/Date(1600586352000+0800)/,0
216045074,地坛公园其实面积不是很大，但还是比较喜欢的,/Date(1653814983000+0800)/,0
37655619,"地坛又称方泽坛，是北京五坛中的第二大坛，位于北京市东城区安定门外大街，占地37.4公顷，与天坛遥相对应，与雍和宫、孔庙、国子监隔河相望。
地坛始建于明代嘉靖九年（1530年），是明清两朝帝王祭祀“皇地祇神”的场所，也是中国现存的最大的祭地之坛。
秋天的银杏大道非常美，游人众多。",/Date(1609479806000+0800)/,0
250794144,【景色】美丽，皇家建筑，四季皆美,/Date(1630625121000+0800)/,2
28012172,面积不大，户外走走逛逛挺好玩的,/Date(1651505580000+0800)/,0
28842742,环境挺好，现在游人不是太多，感觉挺好，特别是雪后，拍张雪景非常漂亮,/Date(1645136399000+0800)/,0
77477565,偶然路过进去了一次，本来以为是收门票的，忽然发现地坛景区免费啊。,/Date(1620237446000+0800)/,0
250794144,"【景色】美丽，四季风光都不错
【趣味】春节祭典",/Date(1619393295000+0800)/,1
77477565,地坛不大，虽然很有名但是人并不多，当成普通的公园去散散步即可。,/Date(1636243181000+0800)/,0
1834839,花门票2元钱就可以学习知识感受历史享受环境,/Date(1630643857000+0800)/,1
183234666,地坛没有天坛那么大，但是也值得一去，特别秋天可以去看银杏，很美,/Date(1619840699000+0800)/,0
203572669,"【景色】四季景色如画

【趣味】明清皇帝祭祀",/Date(1637844457000+0800)/,1
249449291,冲着史铁生先生的《我与地坛》去的，里面最有特色的就是明清时期的树了，很多四百多年的老树，很有历史感。银杏树比较多，公园也大，休闲溜达好去处。,/Date(1588772308000+0800)/,0
34514611,"仰望天空
满眼翠绿
登天大道，直插琼霄，蓝天作底，白云作伴。拾阶而上，隧见天池，波光粼粼，群山环抱。池边绿道，林深蔽荫，鸟语花香，宛若桃源。凭栏远眺，山林薄雾，都市美景，尽收眼底。",/Date(1589712911000+0800)/,0
2191714,以前来地坛公园 都是庙会的时候来的 平时还真没逛过 这是第一次 门票便宜只要两元 红砖绿瓦 一墙之隔却是如此的安静 绿植覆盖范围大 空气新鲜 园内还有好多鸽子在草坪上 建议公共出行 这儿停车挺费劲的,/Date(1587462618000+0800)/,0
52283576,地坛公园坐落于二环北，属于城市中心公园，特别适合本地人们的早晚锻炼身体的好去处，出门还有全国闻名的金鼎轩饭店，早餐品种齐全、味道鲜美。,/Date(1639035588000+0800)/,0
65498569,古代皇帝祭地的场所，位于北京城北。,/Date(1631768580000+0800)/,1
58515204,地坛位于北京市东城区安定门外大街。,/Date(1618922023000+0800)/,1
191743376,地坛公园是北京二环内著名的文物古迹。与天坛相对应，没有天坛宏伟但是别具风格。北京的秋天是最美的季节。地坛最有名的就是银杏大道。这里清净，比钓鱼台银杏大道人少很多。值得推荐。,/Date(1605189890000+0800)/,0
220550372,地坛是北京第二大祭坛。有着非常重要的意义，仅次于天坛。不过来到这里，我却想起了一位作家，他就是史铁生。经历了病痛的折磨，却在地坛找到了属于自己那份天空,/Date(1584364555000+0800)/,1
26425217,地坛又称方泽坛，是北京五坛之一，与天坛遥相呼应。,/Date(1635941349000+0800)/,0
116713105,地坛位于北京市东城区安定门外大街地坛公园内，与天坛遥相对应，始建于明嘉靖年间，是一座皇家坛庙，地坛的总面积约为37.4公顷。,/Date(1616712131000+0800)/,0
102643787,地坛又称方泽坛，建于明代嘉靖九年，是明清两代帝王祭祀的“皇地祇神”的场所。地坛有方泽坛、皇祇室、牌楼，斋宫、神马圈、宰牲亭、神库等著名旅游景点。,/Date(1614165067000+0800)/,1
839726,日坛，月坛，天坛，地坛，北京市四大坛公园。,/Date(1637371753000+0800)/,0
98000668,银杏大道很漂亮，带小孩喂鸽子，雍和宫地铁旁,/Date(1636901769000+0800)/,0
366177244,不错，很好玩的地方，景色宜人，交通也很方便,/Date(1635369102000+0800)/,0
28427292,原来老来这里的书市，现在也没有了，好怀念,/Date(1641915604000+0800)/,0
1117346,地坛公园与天坛公园相对应，占地面积大。,/Date(1644122419000+0800)/,0
50695342,地坛公园，北京历史悠久的文物祭地的地方,/Date(1635213489000+0800)/,0
3381055,地坛是北京的著名景点 公园年票可以免费去,/Date(1615087336000+0800)/,0
24287193,地坛公园是国家AAAA景区，方泽坛、皇衹室在地坛公园内1，需购买门票才能入园。地坛公园内最有名的景点之一就是银杏大道，每年秋天银杏叶落满地，前来拍照的人很多。,/Date(1614339904000+0800)/,0
4572617,地坛公园又称方泽坛，是古都北京五坛中的第二大坛。地坛始建于明代嘉靖九年（公元1530年），是明清两朝帝王祭祀“皇地祇神”的场所，也是中国现存的最大的祭地之坛。,/Date(1591950301000+0800)/,0
390583,非常好的地方，静静的体会皇家的威严。,/Date(1643796074000+0800)/,0
29859425,一个很有历史的公园，一定不要走马观花,/Date(1641246430000+0800)/,0
65498569,又到深秋满园金黄时，银杏大道观赏季。,/Date(1635228235000+0800)/,0
839726,市区里面很大的，有公园就是没有湖水。,/Date(1629339230000+0800)/,0
1524233,皇帝祭祀地的场所，壮观大气，值得一看,/Date(1624237893000+0800)/,0
190395353,地坛公园十月份银杏大道很美 值得去看看,/Date(1618367543000+0800)/,0
2227144,很清静，祭祀场合都还在，人少的景点,/Date(1628936149000+0800)/,0
36767787,公园不大但很漂亮，娱乐休闲的好地方,/Date(1621649859000+0800)/,0
95853898,地坛公园，十几年没来了，还是那么美,/Date(1620344741000+0800)/,0
1117346,公园占地面积大，市民和游客都比较多,/Date(1617695695000+0800)/,0
1834839,2元一张门票逛这么大个公园爽得很,/Date(1639100442000+0800)/,0
13059821,与天坛遥相呼应，很有历史感的地方,/Date(1633108389000+0800)/,0
1834839,两块钱门票不贵，门口停车场太贵了,/Date(1622605793000+0800)/,0
217618090,哇真是太棒了，很喜欢的！不错呀！,/Date(1620890815000+0800)/,0
,反正里面啥也没有。。。鸽子很肥,/Date(1644071788000+0800)/,0
56183558,早上晨练的好去处，地方还不错。,/Date(1641225482000+0800)/,0
50695342,地坛公园北京历史上祭地的地方。,/Date(1636710655000+0800)/,0
3381055,秋天有银杏大道 冬天有地坛庙会,/Date(1623109122000+0800)/,0
80573624,北京地坛公园又称方泽坛，是古都北京五坛中的第二大坛。而且，还有特别值得一提的是，金秋是北京最美丽的季节，从 11月初至11月中旬，北京地坛公园金色银杏进入最佳观赏期。,/Date(1604493338000+0800)/,1
112462802,明清皇帝祭祀土地的地方叫做地坛！北京有体坛公园，保存了历史上的祭祀土地的坛，来地坛公园学到了很多知识！公园的环境也不错。,/Date(1589157918000+0800)/,1
220550372,"北京天地日月先农五坛中的第二大坛，仅次于天坛。
每年夏至皇帝在此祭祀皇地祉。为了表示对神袛的尊敬，皇帝在祭祀前三天要斋戒。",/Date(1585832183000+0800)/,1
93701296,著名的北京地坛春节庙会就在地坛公园举办，北京的地坛与天坛是相互对应的，古人有天南地北和天圆地方的说法，天坛建于南侧，地坛建于北侧，天坛的建筑特色是圆形，地坛的建筑特色是方形。,/Date(1589211514000+0800)/,2
220550372,地坛公园是明清皇帝，在此祭地的地方。俗话说天圆地方，所以地坛公园的主坛方泽坛是方形掏。非常的不错，可以很好的了解中国的祭祀文化。,/Date(1584701199000+0800)/,0
255713466,地坛离家近带孩子健身的好地方，人挺多的，逢年过节会有庙会，十一月会有银杏节，可漂亮了,/Date(1588804894000+0800)/,0
249449291,地坛是中国最大的祭地之坛，也是北京五坛中的第二大坛。《我与地坛》中地坛给予史铁生生活的勇气，也让我们更好的领悟母爱的伟大。,/Date(1591455141000+0800)/,0
249449291,天圆地方，地坛是北京第二大坛，在北京祭坛中有着非常重要的地位，每年夏至，皇帝亲自或派遣皇子到此祭祀皇地袛神，方泽坛是主坛。,/Date(1587707932000+0800)/,0
52643060,值得一去的忌嗣圣地，景色宜人，不错的选择,/Date(1585131635000+0800)/,0
12742111,明清皇帝祭祀皇地祗神的地方，秋色最佳！,/Date(1602295858000+0800)/,0
1514870,去地坛逛了逛，随处可见的风景！,/Date(1614205125000+0800)/,0
121264884,在雪中游览，方泽坛显得很宁静,/Date(1644823148000+0800)/,0
28842742,地坛公园又称方泽坛，在中国北京安定门外，是明世宗以后明清两代皇帝每年夏至祭祀土地神的地方。地坛始建于明代嘉靖九年（公元1530年），是中国现存的最大的祭地之坛。秋天地坛公园西门正是银杏树 非常漂亮的时候 。,/Date(1603537566000+0800)/,1
34931072,地坛公园，又称方泽坛，在中国北京安定门外，是明清两代皇帝每年夏至祭祀土地神的地方。地坛始建于明代嘉靖年间，号称是中国现存的最大的祭地之坛。坛内总面积达37.4公顷，呈方型，整个建筑从整体到局部都是遵照中国古代“天圆地方”、“天青地黄”、“天南地北”、“龙凤”、“乾坤”等传统和象征传说构思设计的。地坛现存有方泽坛、皇祇室、宰牲亭、斋宫、神库等古建筑。有机会一定要去看看。,/Date(1598147596000+0800)/,1
18118132,东直门地铁站出口那进去更近更热闹点，门口不远就是雍和宫。地坛就是敬拜大地的，比如泰山恒山这样的名山敬拜。现在景区相比天坛比较少人，不过安静很适合看看。门票5元，另外还有个2元的公园门票，分开购买的。,/Date(1503763352000+0800)/,7
111045884,遛弯儿挺不错挺不错的，这几年没法办庙会了，好可惜…,/Date(1614712208000+0800)/,0
4592641,2元票价，但地坛的建筑相对较少，值得一看的是松树。走进公园，即使天气不好，空气还是很清新。现在一些建筑正在翻修，但可以正常参观。,/Date(1469151981000+0800)/,11
2687048,"地坛公园的牡丹很美，北京最便宜的公园之一
【景色】优美
【趣味】市民出行
【性价比】亲民价格",/Date(1587900780000+0800)/,0
56767563,地坛又称方泽坛，位于北京市东城区安定门外大街，与天坛遥相对应，与雍和宫、孔庙、国子监隔河相望。地坛始建于明代嘉靖九年（1530年），是明清两朝帝王祭祀“皇地祇神”的场所，也是中国现存的最大的祭地之坛。地坛有方泽坛、皇祇室、牌楼、斋宫等著名旅游景点。,/Date(1610272250000+0800)/,0
28898040,对地坛最深的印象，书市、春节庙会，银杏,/Date(1632883569000+0800)/,0
4128769,每次公司来客人，都会带客人去地坛游玩,/Date(1629783064000+0800)/,0
62421688,春天花开了，泥土的味道，感觉不错。,/Date(1618233855000+0800)/,0
3226274,去北京不要老想着看故宫，北京好玩的地方多了，为什么都要去人多的地方？地坛公园就是不错的选择，这里门票只要两块钱，买不了吃亏买不了上当，而且游人不多，非常适合拍照，尤其是下雪天，太美了。,/Date(1606058491000+0800)/,0
,非常可以，鸽子比较费,/Date(1644146981000+0800)/,0
31955072,地坛公园的地理位置好，交通方便，124&amp;#39;&amp;#39;108.104.特11等多路公交均可到达。门票便宜，持老年卡可免费游览。环境优雅，松柏居多，有银杏大道，是个天然大氧吧。还有成群结队的鸽子。夏天可消暑纳凉，秋天可观银杏叶。,/Date(1507063615000+0800)/,5
24797139,地坛公园里的古树非常多，非常有年代感，古柏，粗大的松树，一看有好几百年了，参加社区组织的活动，平时很少有时间来此游玩。。,/Date(1592437849000+0800)/,0
32564041,"地坛又名方泽坛，是明、清两朝帝王祭祀“皇地祇”的场所，也是我国最大的祭地之坛。地坛始建于明代嘉靖九年（公元1530年），坛内总面积43.04公顷，呈方形，整个建筑从整体到局部都是遵照我国古代“天圆地方”、“天青地黄”、“天南地北”、“龙凤”、“乾坤”等传统和象征传说构思设计的。地坛现存有方泽坛、皇祇室、牲宰亭、斋宫、神库、神马殿、钟楼等古建筑。
      公园内很大一片区域是地坛中医药养生文化园，包含各种养生知识以及八段锦、华佗五禽戏的介绍，还有扁鹊、张仲景、华佗等古代名医的雕塑，不仅让人感叹祖国中医药文化的博大精深。
       可惜公园内的古建筑没有对外开放，红墙绿瓦的古建筑在蓝天白云的映衬下显得格外庄严肃穆，郁郁葱葱的苍松翠柏给冬天带来了勃勃生机，如素描一般叶子已落光的树枝向天空后生长着，想象着明年春天就可以看到那“一树一树的花开”的繁荣景象，心里不禁充满无限期待。
       北门入口处有北京市东城区“百姓大舞台”，我以前在海淀公园看过“百姓大舞台”的免费演出，曾经观看过著名歌唱家刘和刚先生登台献艺，顶着大太阳在室外演出，非常敬业。这个活动极大的丰富了人民群众的文化生活。
      门球场铺满了绿棕相间的塑胶地板，尚未开放。健身器材区域充满了运动的人们。
      门票只要2元，北京市公园年票可使用。从和平里北街地铁站步行到地坛公园北门只有300多米，5分钟即可到达，交通非常便捷。
      地坛公园是一个健身休闲娱乐的好去处。",/Date(1576594765000+0800)/,0
54106952,老北京在这里是真实的存在，斑驳的红墙，遛弯的老者，并不突兀的萨克斯，肥的可能都飞不起来的鸽子。皇权不在，可是中国人的规矩还在；不拜天地，可天地之神也还在我们心中。斜阳挂着这个冬天里少有的并不刺骨的风，史铁生和地坛的故事让这里多了几分文艺和生死的气质，这里并不传奇，但这里很有气质！,/Date(1514451318000+0800)/,4
30889617,还是从史铁生的《我与地坛》里知道这个地方，地坛远没有天坛出名，地坛在雍和宫的北边，门票2元，很便宜，不过里面的黄祇室和方泽坛是要另外收费的。方泽坛面积很大，和电视剧里祭祀的场所简直一样，站在正中心有种孤独的感觉。整个地坛公园绿化非常好，地方又大人又不多，正应了史铁生那句“在人口密集的城市里，有这样一个宁静的去处，像是上帝的苦心安排”。,/Date(1470030275000+0800)/,16
116078277,地坛公园又称方泽坛，是古都北京五坛中的第二大坛。公园始建于明代嘉靖九年（公元1530年），是明清两朝帝王祭祀“皇地祇神”的场所，也是中国现存的最大的祭地之坛。,/Date(1592466470000+0800)/,0
118174696,地坛天坛，北京老牌经典之一。天子祭拜之处，庄严肃穆。最有名的还是地坛年会，每年必去的地方，希望疫情早些结束，再出发！推荐推荐推荐推荐推荐推荐几推荐推荐推荐家,/Date(1590709073000+0800)/,0
28842742,很久没有去地坛了， 今天从这过 ，在周围转了转 。幽曲的小径，宽敞的广场， 平坦的方砖路， 艳丽的鲜花， 柏树成行 ，绿草茵茵，昔日的皇家坛庙 衬托得古朴优雅 ，庄严肃穆  。,/Date(1589792375000+0800)/,0
1514870,今日闲来无事逛逛地坛，景致很好！,/Date(1613964877000+0800)/,0
246519194,养生园好玩，很有市民生活气息。,/Date(1601884913000+0800)/,0
265859745,对于从小就长在地坛公园的我来说，对这里的一草一木非常地熟悉，成年后因工作忙一直没时间再次来地坛。今天轮休赶紧来转转，看着熟悉的环境感慨万千。,/Date(1596553065000+0800)/,0
63998872,地坛公园又称方泽坛，是古都北京五坛中的第二大坛。地坛公园位于北京市东城区安定门外大街，公园始建于明代，是中国现存的最大的祭地之坛。,/Date(1595864762000+0800)/,0
24853218,《我与地坛》反复读了很多遍，每次都会有新的感受，如今的地坛没有了颓败，也失去很多宁静。还是很值得一游，也是跑步的好地方吧。,/Date(1589190495000+0800)/,0
4448986,地坛公园是北京性价比非常高的公园，门票2元。在每年秋天十月底时，公园景色非常漂亮！这里有一条银杏大道很出名，来这里拍照的游客层出不穷，络绎不绝。公园还有枫叶。很多鸽子飞来飞去，或盘旋在书林间，也是一道靓丽的风景。,/Date(1580629001000+0800)/,0
167953434,"地坛公园是明清皇帝祭祀土地的场所，门票2元，里面的核心地坛即方泽坛是需要另收费5元才能进入的。
地坛名气不如天坛，外地游客专程前来的少，多是本地人前来锻炼休闲，或者附近居民顺便过来一下。
地铁公园有东南西北四个门出入口，面积还算大，这里环境清幽，是个不错的公园，走累了有座椅可以停下来休息，这里还有个中医药养生文化园挺不错的。",/Date(1559410174000+0800)/,2
21881151,"知道地坛公园，首先应该是十几年前，室友收到一位北京朋友寄来的照片，在地坛公园拍的，满是银杏叶的地面美极了。
后来，就是读史铁生的《我与地坛》，被称为五十年来最好的散文。
他去的时候，地坛还是个废弃的园子，后来重修的。
那个另外收5块门票的坛，都是上世纪八十年代修的了。
去过天坛再来这里，深刻感受天圆地方的理念，还有皇天后土。
地坛的琉璃瓦都是黄色的。
门票只要2元，非常良心。
相对而言，游客特别少。
大概银杏li才是高峰。
碰到一个老年乐队在那里吹奏，吸引了一群人围观。
地坛里的丁香啊海棠啊我都不要看了，就去听音乐了。",/Date(1554555624000+0800)/,2
375200,去北京旅游时顺便去玩了一下，门票2元，参观祭坛要再付5元。果真应了天南地北、天圆地方的俗话，天坛是圆的，地坛却是方的。里面还有个中医养生基地，北京的老人都在晨练，空气新鲜啊！听说秋天有银杏黄了的美景，可惜没机会看到，只能想象一下。,/Date(1490259608000+0800)/,2
13722867,地坛是明清两朝帝王祭祀“皇地祇神”的场所，也是中国现存的最大的祭地之坛。里面建筑不多，面积挺大，门票便宜，适合遛娃，谈情说爱，每年春节的庙会非常热闹，今年已经是第三十四届了。,/Date(1549758351000+0800)/,3
1129212,地坛公园位于北京市东城区，紧邻雍和宫，地坛是明清时期皇帝祭祀的地方，公园内有许多明清古建筑。每年春节期间都有庙会，京味十足，看点多，游客来京可以去游览。,/Date(1579299569000+0800)/,0
217487102,地坛公园又称方泽坛，是古都北京五坛中的第二大坛。五坛呈对称分布在紫禁城（故宫）的东南西北，日坛在东、月坛在西、地坛在北、天坛在南偏东、先农坛在南偏西。,/Date(1580990411000+0800)/,0
7287038,相对于天坛，我更喜欢地坛，安静些，人少些。历史文化悠久，是个自然文化景观，交通也便利，去了很多次，很喜欢。,/Date(1587792867000+0800)/,0
21465960,北京景点之一，历史的长河，古人建筑充满艺术久智慧，让后人留下深刻的印象，希望在不久的将来会有机会再去！,/Date(1609210430000+0800)/,0
2225275,地坛公园位于北京市东城区安定门外大街，是明清帝王祭祀专用的皇家坛庙，门票两元，性价比颇高，园内场地宽阔，绿化非常好是个天然大氧吧，也是附近居民的健身场所，还有很多小朋友溜娃的好去处，健身架，养生园，小溪流水，幽静清凉，也有很多锻炼的大爷大妈们，可以跟他们学到很多养生知识，非常适合休闲，整体很不错,/Date(1565796810000+0800)/,5
1599886,"北京地坛庙会当属北京最红火的庙会，每年春节逛地坛的人数是最多的。虽然庙会上人挤人、人挨人，但是人们依然兴致不减，春节玩的就是人多热闹嘛。
今年地坛庙会取消了那种闹闹哄哄的游艺抽奖活动，净化了环境，往年在方泽坛四个角的舞台也搬到了外面，方泽坛清静了许多。 庙会是非常古老的传统民俗文化活动。地坛庙会始办于1985年，至今已成功举办了33届，一届胜似一届，以较高的艺术品位和鲜明的民族特色享誉中外，其胜景被誉为现代的《清明上河图》和中国的狂欢节。春节逛地坛庙会是京城老百姓沿袭多年的习俗。作为京城恢复最早的庙会，地坛春节文化庙会以地道民俗、传统民间特色闻名于京城。每届庙会都要吸引游客百万余人次。",/Date(1550889723000+0800)/,1
897521,"北京地坛，是北京五坛的第二大坛，也是北京最靠北部的坛，由于靠近二环路，所以基本是春节庙会所在地。
每到春节，地坛附近人满为患是交通拥挤之地。",/Date(1482734365000+0800)/,4
193124763,"喜欢秋天时 地坛门口银杏叶变黄 和金子一样 喜欢夜间地坛
【景色】",/Date(1593485310000+0800)/,0
4592641,一年四季常绿的公园必属地坛了，地坛里面都是松柏，松柏常青，故此常年绿色，到了春节的时候还有庙会，小时候记得这里常有书市，人声鼎沸，现在人们对书的需求降低了，能网购了，书市也淡了。,/Date(1480941990000+0800)/,2
211050047,讲解的太好了，嗷嗷嗷嗷嗷哦🙄🙄🙄🙄🙄🙄🙄🙄🙄🙄🙄🙄🙄🙄🙄🙄🙄🙄🙄🙄🙄🙄🙄🙄🙄🙄🙄🙄🙄🙄🙄🙄🙄🙄🙄🙄🙄,/Date(1586685778000+0800)/,0
4958094,月末地坛公园的银杏大道会很漂亮。建议国子监，雍和宫和地坛公园一并游览，彼此很近走路几分钟就到了。我去的那天是农历初一，雍和宫上香的人特别多，因为以前也去逛过雍和宫，所以只游览了国子监和地坛公园。,/Date(1538325462000+0800)/,1
52051920,地坛公园门票只有2元，进去之后，左侧是养生园，有许多的养生知识。之后的红墙非常具有北京宫殿的特色。地坛内的古树也非常具有特色。,/Date(1506836341000+0800)/,4
33768428,"地坛公园位于东城区,交通便利,园区内有非常多的古树,还有一区银杏大道,非常的漂亮,门票也不贵,整体来说非常值得,好玩又好看",/Date(1604652799000+0800)/,0
12152622,虽然疫情防控，但花开一直不断，牡丹也来了。,/Date(1587045518000+0800)/,0
24910701,地坛还是比较大的，门票也便宜，适合夏天纳凉，散步。秋天银杏叶子绝美，但是人也多。,/Date(1584976911000+0800)/,0
61619991,"熙熙攘攘人如云，适用百货两边分。
呼儿唤女上街云，农村庙会闹似春。
城乡发展和谐劲，新风处处耳边闻。
亲朋好友一堂聚，明年今日还相寻。
      ――《赶庙会》
      北京游之庙会，庙会是非常古老的传统民俗文化活动。每年春节，过年期间除了走亲访友拜年之外，都来北京逛庙会了。如今的庙会成了春节特有，老年间可不是这样，因为过去北京寺庙非常多，各地的庙会几乎天天都有，这其中，老北京最为知名的“五大庙会”，包括：隆福寺庙会，护国寺庙会，白塔寺庙会，土地庙庙会和花市火神庙庙会！有道是：”东西两庙货真全,一日能消百万钱。 多少贵人闲至此,衣香犹带御炉烟。” 词中的“东庙”指的便是隆福寺。
      后来种种原因，北京的庙会消失了。随着改革开放，地坛庙会始办于1985年，至今已成功举办了34届，一届胜似一届， 成为了北京最大的庙会。作为京城恢复最早的庙会，地坛春节文化庙会以地道民俗、传统民间特色闻名于京城。每届庙会都要吸引游客百万余人次。地坛庙会每年初一至初七举行，地坛庙会的主题有：年货，祭地，娱乐节目等。百戏名曲、民间花会、天桥绝活、祭地礼仪、茶艺书画等不同文化系列汇于一场，将民族、民俗、传统、现代、乡村、城市诸种文化形式复合为一体，把各地美食名吃、杂艺百货集于一会。
      特别推荐大羊肉串，真的很棒！！此外龙潭庙会、大观园红楼庙会、凤凰岭、通州……都有庙会，今年春节建议您也来逛逛！",/Date(1575259985000+0800)/,0
12932857,地坛公园， 方泽坛 ，是古都北京 五坛 中的第二大坛。始建于 明代 嘉靖九年（公元1530年）是明清两朝帝王祭祀“皇 地祇 神”的场所，也是我国现存的最大的祭地之坛。每年春节地坛庙会和秋天的银杏大道都是不能错过的一景,/Date(1573191648000+0800)/,0
181880173,"北京地坛公园是皇帝祭祀土地，祈求五谷丰登的地方，俗话说，天圆地方，天坛是祭祀风调雨顺的地方，所以天坛是圆形的，那地坛既然是祭祀土地的地方，那就是方的，称为方泽坛，皇祗室是放祭祀物品的地方。地坛公园大门票是2元，方泽坛和皇祗室两个园内景点门票是5元，本人建议一定要去。
地坛公园还以银杏大道而著名，也是北京秋天的网红打卡地，因而，地坛公园的秋天不愧为是帝都一道靓丽的风景线。",/Date(1572676737000+0800)/,0
48265520,地坛公园位于北京市东城区安定门外大街，是古都北京五坛中的第二大坛。门口的花坛很漂亮～儿时的记忆最著名的是深秋地坛公园的银杏大道～这地坛公园银杏大道虽然不如钓鱼台银杏大道出名，但更值得欣赏～一条大道的银杏树将这里装扮得如童话世界。漫步在银杏叶铺成的大道上份外惬意，仿佛置身于一幅金黄色的美丽画卷之中.......,/Date(1570497401000+0800)/,0
7345634,"正值银杏节，门口加设了一辆临时售票小车方便游客购票，票价才两元，非常良心，虽然里面还有一块小区域需要另行收费，但外面逛的地方也很大了。
金秋时节，里面有枫叶和银杏叶，非常漂亮，游人如织，但又不拥挤，很值得观赏。",/Date(1509972727000+0800)/,2
897521,北京有天坛、月坛、日坛和地坛，目前我们是在地坛，地坛是过去皇帝祭祀土地爷的，所以再北京的北部，而天坛是在北京的南部，地坛里边也有一些建筑，都是为了皇帝祭祀地的。,/Date(1507009230000+0800)/,2
25912199,"从孔庙国子监出来骑车去地坛公园已经是下午一点了，计划用一小时时间游览，因为还要赶去下一个景点，时间就是金钱这次北京之行体现的淋漓尽致。
&amp;#160;因为北京太大了，还是想尽可能的在有限时间内多跑几次，因为下一次再来不知道何时。我们总觉得时间很多，很多地方可以下次再去，可是人活着活着就忘记下次，甚至没有下次了。
&amp;#160;地铁公园不属于北京人气爆满的景点，外地游客不多，大部分都去天坛了。我也是原本要去天坛的，但路程较远，时间来不及所以就近去了地坛。
&amp;#160;虽属于节假日，里面人真的不多，听口音语气大部分都是本地人。
&amp;#160;地坛公园又称方泽坛，是古都北京五坛中的第二大坛。地坛公园位于北京市东城区安定门外大街，占地37.4公顷。公园始建于明代嘉靖九年（公元1530年），是明清两朝帝王祭祀“皇地祇神”的场所，也是中国现存的最大的祭地之坛。",/Date(1495431424000+0800)/,2
58495837,周六去的，地坛公园里能看到不少有才艺的表演:吹口琴的老爷爷吹得可好了，一大群人有伴奏和指挥的大合唱，斋宫门口9点多过去时有一大波跳舞的。许多孩子在养生园写生。公园某处还有鸽子。5元门票看的方泽坛+皇袛室没有什么特别的。斋宫、神马殿、神库、宰牲亭等等都只能看外观，不能入内的。地坛公园更像是普通公园。,/Date(1491899830000+0800)/,4
3305214,北京地坛春节庙会比较有名气，今年我有幸去北京地坛参观，分享给大家。庙会人很多，在售票处就有很多人在排队，不过还算可以，买票速度还成，过一个马路就是地坛的大门了，沿路很多志愿者在维持秩序。进门安检后，大家涌向“模拟乾隆皇帝祭地表演”人确实不少，非常拥挤，整个表演大约1个多小时，没有看完，庙会买很多东西，民间艺术之类的，价格要高的很多，不建议买。,/Date(1461223123000+0800)/,4
12152622,牡丹花开之际，地坛来撒五谷，战胜病魔,/Date(1587711264000+0800)/,0
217552914,【性价比】性价比还是很高的，毕竟不要门票，情侣朋友都可以走走，地坛是古代祭祀的地方，一定有不少朋友从史铁生的我与地坛中结识了地坛，这边交通便利，坐地铁到安华门站就能直接到，百闻不如一见，不如来看看,/Date(1575706504000+0800)/,0
83009373,地坛公园位于安定门外大街，有直达的地铁，门票两元，可以说是很优惠了，开放时间是6：00——20：30，地坛公园里有一条银杏大道，秋天银杏叶飘落时去非常漂亮，拍照散步的人很多，也会碰到穿古装的小姐姐,/Date(1570945020000+0800)/,0
116961042,去不了太远，去家附近的小公园走一走，里面没有很大，走一回就可以逛公园一圈。,/Date(1588334859000+0800)/,0
28842742,自己经常去遛弯，这里老年人还是比较多，尤其是地坛东门附近，健身的好地方,/Date(1612626043000+0800)/,0
732445,地坛庙会在春节期间是很多人的必去地点，人超多，东西有特色，但并不怎么好,/Date(1599775011000+0800)/,0
4448986,"北京地坛公园秋季非常漂亮，有银杏大道，树干笔直，树叶金黄，还有非常多的鸽子在银杏树枝头飞来飞去，景色唯美，吸引了无数前来赏秋拍照的的各地游客。公园树叶红绿黄褐，五彩缤纷，景色迷人。
门票2元。",/Date(1541751056000+0800)/,0
4829184,皇家祭坛 气派十足 红墙黄瓦 辉映庄严 门票两元 园中园另外收费五元 园区整个参观大概需要一两个小时 里面有一条银杏大道 秋天叶子变金黄时非常好看,/Date(1508720749000+0800)/,5
181880173,古代北京有五坛，天坛、地坛、日坛、月坛、先农坛。所谓坛是指祭祀用的高台，因为天圆地方，所以地坛是方型的，称方泽坛。地坛公圆除了方泽坛，还有一些建于明清，皇帝祭祀时使用的故建筑，均恢弘大气。,/Date(1572250354000+0800)/,0
11351287,很适合遛弯的公园，年票可用，住在附近很幸福,/Date(1611539759000+0800)/,1
20720194,春节时去的北京，听说地坛有一年一度的庙会，特地安排去一趟。地坛本身不用门票，但是庙会期间要10元。庙会时间一般在大年初一至初五，里面有各种各样来自全国各地的美食小吃，还有很多娱乐的项目，打枪射箭投篮打地鼠…庙会期间还有演出，有皇帝祭坛等等~我们初五去的，只看到大妈们在寒风中跳着民族舞，带动着群众也热情似火，没参加过庙会的可以来看一下啦~,/Date(1521172657000+0800)/,3
204168474,位于北二环安定门外，老北京九坛八庙之一，古时祭祀地的地方。,/Date(1599742688000+0800)/,0
168079668,"【景色】好，大气
【趣味】佳，幽静
【性价比】值当时你说完",/Date(1607318975000+0800)/,0
602117,"几乎每年都会来一次地坛公园，跟朋友一起来看深秋的银杏树叶。
地坛公园的秋景，非常美丽，赶上天气晴朗，银杏树叶，被阳光照得金，好透明一，散发着光泽。",/Date(1573696214000+0800)/,1
16401808,位于东城区安定门外大街，又称方泽坛，是古都北京五坛中的第二大坛，是明清两朝帝王祭祀＂皇地祗神＂的场所，也是中国现存的最大的祭地之坛,/Date(1509382451000+0800)/,2
3381055,很大 就是游戏设施少了一点一点,/Date(1607467955000+0800)/,1
4592641,地坛附近有地铁，大家可以选择地铁2号线到安定门，然后步行，如果有合适的公交车，甚至可以直达公园门口。门票好像是5元，有许多古树。,/Date(1479907384000+0800)/,2
8477344,在城里能看到这么多树，人还不多的地方已经很少了,/Date(1597619879000+0800)/,0
4572617,年前地坛公园就已经装扮的非常漂亮，与往年一样，布满了大红灯笼、春联等等，充满了浓浓的老北京年味.....每年到这里来逛一逛已经成为惯例。今年也不例外，清净而不失年味。,/Date(1581128138000+0800)/,0
65498569,古代祭祀大地的场所，园内树木茂密，环境不错！,/Date(1599022339000+0800)/,0
89366253,景美人多，今儿被一踢球的小孩儿一球踢到背上，希望公园方管理一下这种人多还踢球的家庭，咋到背没事儿，咋到眼睛呢，咋到老人呢。,/Date(1604834736000+0800)/,0
86601493,也许是天坛的名气太大 其实地坛公园也很不错,/Date(1601651341000+0800)/,0
34852609,二环边，周边居民的好去处，春节庙会人气旺,/Date(1600818584000+0800)/,0
13574868,地坛公园的银杏大道很有名，秋天的景色很棒,/Date(1586414484000+0800)/,0
184291342,不错，地坛的秋色很美丽。游览之前建议先读一读史铁生的《我与地坛》，这样就更能体会到这个皇家祭地地点的美丽。门票两元，地铁和公交都很方便，里面有一条银杏大道，是拍照的好地方。鸟和鸽子很多，可以带点食物去喂。,/Date(1544490225000+0800)/,0
67694193,作为曾经皇家祭祀的场所，2元的门票不能再亲民了。公园面积不大，但是古树不少，特别是银杏大道，若是秋天到访应该会更美吧。如今的地坛，已经成了周边居民的活动场所，唱戏、打太极、踢毽跳舞、打门球，甚至还有摔跤的，慢悠悠的走一圈下来，整个心情也放松下来。,/Date(1534988767000+0800)/,2
59782215,我与地坛！这次来北京只有半天的空闲时间，于是便奔着这里来了！地坛并不破败，好多古树，还有银杏大道，走起来很幽静！这也是一个皇家福地，找一块地方，打太极，跳交谊舞，写毛笔字，踢毽子，玩耍，或者只是来绕着地泽坛走上一圈又一圈，很闲适,/Date(1516444549000+0800)/,4
41145175,"汉族传统文化博大精深，阴阳学说乃其核心精髓。“天圆地方”就是该学说的一种体现。天坛为人所熟知，而在北京城内，其实还有与之辉映的地坛。地坛公园建于明代嘉靖九年，主要供皇帝祭祀用。景区门票日常票价2元（不含园中园），早上6点开放。地铁坐至雍和宫站即可。

过年期间在这里，有大型的庙会（票价涨到10元），充分体现古都北京的文化特色。未进园门就已经人潮涌涌。

庙会期间，院内会有特色小吃售卖，也有游园活动，老少咸宜，其乐融融。

另外，中午时分，还会有大型皇家祭祀表演。仿佛穿越了一般。",/Date(1449235868000+0800)/,6
263502143,"值得去推荐 挺不错的 交通便利
【景色】宜人",/Date(1603401811000+0800)/,0
838912,北京的地坛是古代皇家祭奠之三大坛之一。位于中轴线上，尽管景色不算很好，但也是了解历史知识的好去处。,/Date(1591189400000+0800)/,1
100088186,挺好的，现在去人不多，可以带孩子去玩！,/Date(1588600851000+0800)/,0
63319100,公园人少，秋天的风景非常美，银杏树。,/Date(1611197928000+0800)/,0
34795279,很有特色的建筑，环境不错，值得一去。,/Date(1603062169000+0800)/,0
1317367,皇帝祭祀的场所，建筑精湛，值得一去。,/Date(1584962153000+0800)/,0
12706450,就在家门口的公园，真的值得天天逛哈哈,/Date(1584936832000+0800)/,0
23686389,非常好的公园，人很多，有文化气息。,/Date(1605271176000+0800)/,0
34022235,古代帝王拜祭的地方，有特点，大气！,/Date(1590280571000+0800)/,0
10348303,非常不错的景点，一会儿就去逛一下,/Date(1614301741000+0800)/,0
83710901,景色宜人，趣味十足，性价比很好！,/Date(1613321262000+0800)/,0
250794144,【景色】美丽，最大的皇帝祭地之所,/Date(1603176253000+0800)/,0
116032136,地坛书会和庙会都超级好玩有趣。,/Date(1614505158000+0800)/,0
4655720,平时很安静的公园，春节特别热闹,/Date(1591718203000+0800)/,0
4655720,平时人不多，春节期间却特别热闹,/Date(1589553022000+0800)/,0
897521,北京地坛又称为方泽坛，始建于1530年，不到500年的历史，这座场所是过去明清时期皇帝祭地的地方，是所谓皇地衹，所以也是目前为止最大的祭地古代建筑。,/Date(1545699158000+0800)/,0
164741086,这里是地坛，是天子祭地的场所，每年庙会的时候，会有祭地的表演，祈祷上苍，来年能雨润物华，五谷丰登，国泰民安，园子里面除了方泽坛这个祭地的地方外，还有一个中医药养生主题的文化园，适得闲来小逛,/Date(1520739725000+0800)/,2
3527507,北京地坛公园是明清两朝帝王祭祀“皇地祇神”的场所，古建筑不多，方泽坛和皇祗室不是很大，也不如天坛建筑瑰丽奇特，但与天坛一样四周环绕着苍翠松柏，由于年代久远，造型奇特，这些古柏很吸引眼球。,/Date(1485905454000+0800)/,2
204251845,与北京天坛相对，历史悠久，建筑风格非常独特。初秋的时候是游览地坛最好的时节。这里经常有庙会举办，游客众多，非常热闹。园区面积很大，建筑宏伟。,/Date(1576045826000+0800)/,0
897521,北京地坛与天坛公园是南北对称，位于北京的北部，所以一般来说地坛没有天坛公园有名，天坛拜天，地坛拜地，很多人不愿意来，其实这里可以看到银杏树。,/Date(1571646978000+0800)/,0
21881151,"再次点评地坛公园，因为又看了遍史铁生的散文。
我想，地坛公园就是因为史铁生二有名的。
公园位于地铁雍和宫站附近，史铁生每次都是从南门进去，2块门票，祭坛另外收费五块。
视频只能放三十秒，没办法
今日的地坛已经和当初史铁生去的完全不同了，有老年乐团在演奏，有小孩在奔跑，有电瓶车在来往……",/Date(1559919743000+0800)/,1
4597745,大年初一地坛庙会，人挤人，红红火火过大年。今年的地坛庙会规划的不错，有不少节目，也有不少传统文化产品，感觉很干净，不过地坛距离雍和宫太近了，是北京过年最拥堵的地方，每年春节都有很多人来祈福，所以人也特别多。,/Date(1549417361000+0800)/,1
701144,乃京城第二大古代祭坛，也是中国现存最大的祭地之坛，现在已辟为地坛公园。进入皇祗室、方泽坛还需要另外买门票5元，有两张副联，在分别进入时撕掉。相比天坛，这里实在是清静，我们在小长假进入方泽坛，也没遇上多少游客。但如果认真了解地坛历史，发现内容还是蛮有趣的。穿过棂星门进入坛区，宽广的坛台平面呈方形，寓意“天圆地方”，四周有泽渠，既有排水的功能，又象征四海。你会看见坛台第一层南部东西两侧各有山形纹石神座，但不对称，共有15尊，供祭祀时奉安五岳、五镇、五陵山神位，其中五镇山、五陵山平时不多了解，在皇祗室可以看到介绍。而在北部东西两侧，则也有石神座共八座，供祭祀时奉安四海、四渎神位。公园内还有神马殿、宰牲亭、斋宫、钟楼等几座建筑，但位置比较分散，而且有些闭门没有开放，时间不够只能放弃。,/Date(1546616805000+0800)/,1
897521,北京地坛是四个坛之一，数天坛最著名，日坛和月坛次之，月坛基本没有了，地坛的面积仅仅次于天坛，由于园内有很多银杏树1到了秋天就变成打卡处。,/Date(1573012593000+0800)/,0
217487102,国庆前夕，地坛西门祥狮献瑞，为迎接国庆七十周年地坛公园使用舞狮元素，寓意恭贺祖国华诞，普天同庆，表达中华民族奋发有力，坚强刚毅精神传承。,/Date(1569636074000+0800)/,0
149214599,地坛就是一片树林子需要花钱看的树林子里面的天方地圆小院子还得格外花钱才能进去如果大清早进去就可以不用花钱了但是偶尔会有人拦住你要什么票渣还是什么的，听不清,/Date(1555022712000+0800)/,1
99456978,挺热闹的，人挨着人，适合摩肩接踵这个词。有特别多的小吃，就是挺贵的，各种吃完肚已经圆了，吃小吃的钱都可以吃顿大餐了，不过喜欢这种气氛。,/Date(1519042405000+0800)/,0
20580172,北京地坛，皇城的一部分，在雍和宫不远处。地铁2号线雍和宫站下出来不远就是。两元门票，要进去还要园中园5元门票。较为简单打一个景点。,/Date(1555665992000+0800)/,0
217487102,前几天地坛公园银杏节虽然是开始了，但树叶并没有变色，这几天景区的树叶才开始变色，随着颜色的变化，这才吸引了不少游人前来观赏。,/Date(1573478397000+0800)/,0
91244120,周末一大早去的，公园里有很多老人在锻炼身体，氛围挺好的。大门票2元，里面的坛5元。可以来了解一下。一个半小时游玩时间差不多。,/Date(1516538736000+0800)/,4
44505512,地坛公园位于北京市东城区，第一次听说地坛公园是因为史铁生先生的《我与地坛》，当时没有往全国闻名的天坛上联系，后来才发现是古代君王拜祭后土之所。,/Date(1507180342000+0800)/,3
36218441,"一直只有天坛，却不知道还有地坛，去是鸟巢的时候看到的，那是明清帝王祭祀的地方，园区很漂亮,，银杏大道可是金黄金黄的，每年都有庙会举行，非常热闹，里面还有很多古老的建筑，斋宫，牌楼，方泽坛，神库等等，都去溜达一圈，了解个大概，秋天去的正是时候，银杏叶满地，拍出了最美的一刻。",/Date(1573568240000+0800)/,0
22497551,按照计划我们从北门进去的。感受到了浓浓的北京人的休闲娱乐文化！各种器材健身，下棋的，聊天侃大山的，合唱经典老歌的，练舞练剑的等等……各种各样的娱乐休闲项目。走过美美的～银杏大道～感受北京的秋花秋实！～中医药养生文化园～在路面，道边都刻有五脏六腑的养生小知识！,/Date(1475810345000+0800)/,2
48626950,"坐上地铁直奔地坛庙会
游走在各种民间手工艺品和传统小吃的长廊里，好似梦入现代版的《清明上河图》一般。高高挂起的大红灯笼开启了新年火红的幕帘，色彩缤纷的风车在春风中嘎嘎作响，泥塑的兔爷带领着兔子兔孙们忙不迭地给大家拜年，而晶莹剔透的琉璃挂件则好似穿越回了帝都的宫墙边。",/Date(1455355149000+0800)/,2
4592641,地坛公园门票5元，很多人喜欢去的原因是清静，没什么旅行者，都是附近的老居民。斋宫一直没有开，只能在外面看看，挺好奇的，不知道什么时候能看。,/Date(1490104406000+0800)/,3
3994704,帝都的年味儿还是要比魔都浓很多，已经是春节长假最后一天初六去的地坛庙会，还是人山人海的，很多摊头展示了各种小吃，剪纸，吹糖人等传统的手工艺，红红火火过大年。,/Date(1568597772000+0800)/,0
18631582,周二与好友来京，下午游走（地坛公园）银杏树有一部分已经呈现黄叶了，非常美，周三上午小学同学聚会，在《探厨音乐餐厅》。,/Date(1509150761000+0800)/,0
52864074,过去皇家的祭坛，今天是人民公园，这里的银杏叶大道很有名。,/Date(1508730575000+0800)/,3
101736952,地坛公园虽然说嗯，古建筑并不多，但是它的树目很多，而且他的黑松林很多。像很多的老人就是去耶锻炼身体，而且他的门架才两元，虽然处于市中心，但是非常的安静。,/Date(1501715616000+0800)/,2
214640,北京五坛之一，还是非常不错的，人也少，交通便捷。北京出名景点太多，这里游客不多，一路走走看看还是非常舒服的，全国重点文物保护单位。,/Date(1512944649000+0800)/,3
29894914,名胜古迹，秋天的银杏大道最美，还有一群鸽子可以喂，锻炼的人特别多,/Date(1584835471000+0800)/,0
20265864,好久没来地坛，小时候父母会带着我来公园玩耍，现在我带着宝宝来公园喂鸽子，感觉特好。环境好，小朋友多，还有儿童乐园了就是比较贵,/Date(1525411720000+0800)/,1
39620557,每年金秋必去，秋高气爽的天气漫步在公园里有一种放空自己的感觉,/Date(1599318764000+0800)/,0
31059698,周日的地坛，那是人山人海啊！都是来银杏大道拍照留念的。非常遗憾的是，因为人太多，落在地上的叶子，都被踩成碎末了。只能往上拍，拍树上的叶子了。,/Date(1573531106000+0800)/,0
76693187,"来到就自动自觉就去买票进门了，但是看到其他人都是直接进去的，这是为什么呢？虽然门票只是两块钱，但是就是想不通他们不用票。进来由于季节过了，看不到银杏了。因为早上在国子监那边就顺便过来走走了，感受一下北京的公园。我要重新看看地坛的那篇文章，哈哈",/Date(1482732954000+0800)/,3
293822886,好看，景色好看，，风景很好，特别是秋天，银杏树叶子特别美。,/Date(1608628262000+0800)/,0
838912,地坛与天坛、先农坛等一起，是古时北京皇家祭奠圣地。值得一游,/Date(1585229261000+0800)/,0
21465960,挺漂亮！等疫情结束之后，我也去一下，去十来天，玩个够！,/Date(1594208136000+0800)/,0
31955072,地坛公园可以乘坐地铁或者公交车前往，这里的门票为2元钱，但是进入景区内的小景还有一个门票，不过也不算很贵了。地坛相比其余的景区略小，大概1小时游玩就够了。,/Date(1536572178000+0800)/,1
1700808,平时锻炼身体的爷爷奶奶比较多，地坛就是绿化好，没什么可看的，但是秋天黄澄澄的银杏，再加上没有雾霾时北京蓝的透水的天，就算人多，这样的美景，也一定不能错过。,/Date(1446123482000+0800)/,9
12337743,地坛古称方泽坛，是个祭坛，古代祭地的大典就在这上面举行。方泽坛的建筑艺术中，最突出的是“正方形”几何母题的运用。突出正方形的手法与中国古代“天圆地方”的思想有着密切的联系。,/Date(1574564472000+0800)/,0
66696,地坛公园，面积没有天坛大，也没有祈年殿那样宏伟的建筑，所以就是个市民公园的水平，有个祭坛，单独收费，5元，还有儿童乐园，环境优美，绿树成荫，特别是秋天的银杏大道非常有名。,/Date(1527145912000+0800)/,0
69779517,旅游者通常都会去天坛而忽略了地坛，都是古代皇帝祭天祭地的地方。顾名思义，地坛是皇帝祭地的地方。10月底，可以去那里散步看银杏树。,/Date(1496572180000+0800)/,2
4592641,地坛最出名的就是庙会和书市，大部分居住在这里的人都知道的！平静日子里，这里担负起了大家休闲的责任，看报读书，谈心！都在这里进行。,/Date(1480518546000+0800)/,2
25003110,"地坛是北京人很熟悉的地方，
史铁生的《我与地坛》，可能使它国内闻名。
我也在这里组织过活动，
也曾经多次来逛过书市。
很美。",/Date(1509977451000+0800)/,2
1786853,地坛在安定门外，紧临二环，是古代皇帝们祭奠的主要场地之一。现在是北京市属公园，每年春节会有场面热闹的春节庙会，人非常的多哦。,/Date(1477735543000+0800)/,2
205479826,地坛是北京五坛中的第二大坛，地坛书市是北京一年一度的图书盛会，在读者中具有较大影响，每年春节地坛会举行热闹的庙会，会有仿清的祭地表演，展示了皇帝祭祀大典的盛况。,/Date(1579566180000+0800)/,0
4448986,听说秋天的地坛公园是观赏黄叶的好去处，慕名而来却发现银杏叶才刚刚开始变黄，地上基本上没有落叶，远没有黄金遍地的感觉。不过几块钱的门票欣赏一下明清的古建筑也值了。,/Date(1572433178000+0800)/,0
4592641,地坛里有一群鸽子，虽然喂鸽子是要买鸽子食物的，但是这已经是过去时代产物里不多的景色了。过去老北京公园里经常有成群的鸽子飞，为了吸引小朋友的。,/Date(1536654660000+0800)/,1
17709291,“天地日月”中的地坛。在初冬的一个午后，信马由缰来到地坛公园，景色很美！来到了闻名很久的银杏大道，很多人拍照，热闹非凡。,/Date(1480491754000+0800)/,0
17709291,“天地日月”中的地坛。在初冬的一个午后，信马由缰来到地坛公园，景色很美！来到了闻名很久的银杏大道，很多人拍照，热闹非凡。,/Date(1479832114000+0800)/,0
2227144,地坛公园安静的所在，天气好的时候好去处,/Date(1611536048000+0800)/,0
,秋日里的好去处景色不错，总体超赞，,/Date(1608102049000+0800)/,0
28898040,北京人都熟悉地坛公园，很大程度是源于过去的庙会，很有名，是很多人的童年回忆，当然以前的庙会是真庙会，有很多平时看不到的商品和表演，现在是书市和银杏大道。,/Date(1576241959000+0800)/,0
70612049,地坛庙会的时候去的，地铁可以到达，很方便，人特别多，有表演，主要是卖东西的。离国子监很近，可以一起游览，国子监适合带孩子去，增长见识,/Date(1564913317000+0800)/,1
1918239,每年都有庙会，位置放不起，推荐,/Date(1603269884000+0800)/,0
24533459,人少安静，隐藏着很多武林高手！,/Date(1601963907000+0800)/,0
824531,秋天最美，像童话世界一般的美景,/Date(1595530256000+0800)/,0
177027250,住在附近，傍晚散步时过来地坛公园，只有两元钱门票，地坛公园又称方泽坛，是古都北京五坛中的第二大坛。地坛公园有方泽坛、皇祇室、牌楼、斋宫等著名旅游景点。,/Date(1531825871000+0800)/,0
25065598,进京工作，学习进修，旅游。有30年了。第一次去值得,/Date(1487427178000+0800)/,1
1404370,北京五坛中的第二大坛，坐落在安定门外东侧，与天坛遥相对应，与雍和宫、孔庙、国子监隔河相望。 地坛是一座庄严肃穆、古朴幽雅的皇家坛庙，是明清两朝祭祀“皇地祇神”之场所，也是中国最大的“祭地”之坛,/Date(1478342450000+0800)/,2
107880868,没有特别寻找，无意中在马路对面路过，车水马龙中看到门脸，髙大夺目，很是惊喜！返程归来时，特意过天桥，到眼前，因天色晚，行人尽，三个角度由我尽情拍！,/Date(1568320126000+0800)/,0
27877832,地坛是北京一处著名的皇家建筑，整体建筑呈方形，根据古人的说法，取天圆地方之意，地坛是皇帝祭祀土地的地方，每年耕种时候开始。,/Date(1573648127000+0800)/,1
2369774,秋天一定要来地坛公园门票超级白菜价，风景却是一流的，银杏林太美了，真的就是秋天的童话，非常的浪漫，北京的秋天应该说这里是性价比很高的一个景点！,/Date(1573537636000+0800)/,0
31955072,祭地活动源于远古。据文字记载在中国已有4000多年的历史，史料载：夏以五月、商以六月、周以夏至招地于泽中方丘。门票为2元。,/Date(1535800090000+0800)/,1
113415165,景色不错，总体超赞，,/Date(1613291540000+0800)/,0
507283,打卡而已，景色不错 里面有小门票，虽然不多 但很不爽。。。。。。。。。。。。。。。。。。。。。。。。。。。。。。。。。。。。,/Date(1604762329000+0800)/,1
152870646,风景秀美江山如此多嬌,/Date(1587540652000+0800)/,0
30557487,因为是皇家祭祀之地，所以建筑模式是非常规整的，只是重点地带都是封闭的，根本看不到里面的样子，所以其实更多的还是当做城市花园来利用，里面更多的都是本地市民，所以对于游客来说，不建议来参观。但是每年春节的庙会还是值得来的。,/Date(1548498731000+0800)/,1
48368171,原来地坛公园就是地坛啊……去了地坛公园，还以为地坛另有其处呢,/Date(1509626137000+0800)/,0
201697500,地坛公园，如果不是深秋的话，人真的很少，来这里坐地铁或者公交都挺方便的，工作人几乎没有什么人，自己可以慢慢的逛，红墙黄瓦特别适合拍照！,/Date(1578050763000+0800)/,0
4592641,地坛公园又称方泽坛，是北京五坛中的第二大坛。地坛始建于明代嘉靖九年，是明清两朝帝王祭祀“皇地祇神”的场所，也是中国现存的最大的祭地坛。,/Date(1535799251000+0800)/,0
45026609,秋天去的，美不胜收，银杏大道的落叶很美。可爱的地坛,/Date(1446602565000+0800)/,0
3049073,地坛公园的情节始于课文中的《我与地坛》。七点不到，趁着天气蒙蒙就赶到地坛公园，但公园和想象的完全不一样。它面貌一新，不显颓废。它道路宽敞，不限狭小，它树叶凋零，通透可见。,/Date(1489994454000+0800)/,2
102785630,地坛公园，位于北京市东城区安定门外大街。地坛公园始建于明代，是明清两朝帝王祭祀“皇地祇神”的场所，也是中国现存的最大的祭地之坛。,/Date(1547164419000+0800)/,0
29440147,北京人有感情的公园，老北京人比较多。特别是在每年春节的庙会，人气爆棚，周边地跌需要限流，交通受其影响就可以看出影响力。景色很不错，绿化较好，古典建筑，有厚重的历史底蕴。,/Date(1500365878000+0800)/,2
81788684,2块钱门票在二环吸氧性价比简直了！离得近所以经常去。平时有很多鸽子，广场很多人喂鸽子很有趣，过年有著名的地坛庙会～人多有趣～,/Date(1568631066000+0800)/,0
18118132,天坛人气旺些，地坛去的人相对少，去地坛门票几块钱，进去后几乎没有看到啥人，空旷肃然，这里是古代祭祀皇地神袛的场所，值得看看。,/Date(1557244603000+0800)/,0
62074476,今天地坛有庙会，人很多，人热闹，去溜达了一圈,/Date(1519093546000+0800)/,0
43953233,地坛是北京最大最火的庙会，风景也不错，最让人心动的地坛的庙会挺热闹的，有很多的小吃，但是跟天坛比起来没有霸气。可以看看的。,/Date(1568254985000+0800)/,0
69208154,在这个季节游地坛公园是最美的时光，银杏树叶子金黄金黄，煞是迷人！好多游客拖家带口来赏红叶，相机长枪短炮竞相拍摄美妙的瞬间！,/Date(1541654753000+0800)/,0
15475451,园子不算是特别大，每年都有庙会，很热闹。门前好像是两块钱吧，反正挺便宜。里面溜达溜达，逛一逛，也很是惬意，相当的不错。好。,/Date(1525486154000+0800)/,0
1510766,"这个季节是北京最美的时光，人也不多，天气很好，非常适合出游，陪家人在这里走走，穿越到了200年以前
【景色】惊叹古代的智慧",/Date(1571283774000+0800)/,0
589217,地坛在北京安定门外大街，交通很方便，就在大街旁边很醒目。是一个大公园，门票只要两元。地坛是明朝所建，现在在保护起来。要进入地坛内参观还要再买门票。感觉没有必要，就从门缝中划了一看看，感受一下当年的风范，与天坛相比要小得多，毕竟天比地大。,/Date(1536365732000+0800)/,0
4592641,地坛的古树特别的多，而且大多是松柏。想看建筑的话，开放的较少，还是树木多！空气是很不错的！小朋友、情侣、老人也是适合的！,/Date(1479035059000+0800)/,0
3312952,11月上旬到地坛公园看红叶是最好的。,/Date(1573899751000+0800)/,0
2857766,早晨去北京地坛庙会锻炼身体，锻炼身体的很多。地坛公园是供奉皇家神袛的，皇家园林的确很有气势，园林端庄大方又不失清秀。,/Date(1473465860000+0800)/,0
26003232,可惜雾mai，如果阳光明媚就好了。,/Date(1476509229000+0800)/,0
57633736,地坛公园。坐落在北京城的北部。北二环。主要是老年人锻炼身体的地方。环境还行。春节时有一个庙会。但是人超多。每天不下10万人。春节时候可以来一下看看。,/Date(1473815346000+0800)/,2
3701569,既然有祭天的天坛，那自然有祭土的地坛。这里现在更像是个晨练的公园而不像是景点，可以体验北京人休闲生活的一面，除了老年人我也看到一些年轻人跳街舞玩。,/Date(1447217823000+0800)/,0
24679939,"天坛、地坛、月坛、…北京的坛还是对我有吸引力的。
这次出差，得空去地坛公园走走。
寒冷的冬天，走在地坛公园里，没什么人，若大的地方空旷旷的，想想，快过年啦，地坛庙会一定会吸引更多的人关注。",/Date(1546687123000+0800)/,0
7996730,地坛公园又称方泽坛，是古都北京五坛中的第二大坛。地坛公园位于北京市东城区安定门外大街，占地37.4公顷。公园始建于明代嘉靖九年（公元1530年），是明清两朝帝王祭祀“皇地祇神”的场所，也是中国现存的最大的祭地之坛。,/Date(1527030553000+0800)/,1
396094,"坛
地坛又称方泽坛，是古都北京五坛中的第二大坛。始建于明代嘉靖九年（公元1530年）是明清两朝帝王祭祀“皇地祇神”的场所，也是我国现存的最大的祭地之坛。坛内总面积37.4公顷，呈方型，整个建筑从整体到局部都是遵照我国古代“天圆地方”、“天青地黄”、“天南地北”、“龙凤”、“乾坤”等传统和象征传说构思设计的。地坛现存有方泽坛、皇祇室、宰牲亭、斋宫、神库等古建筑。1984年被评为北京市文物保护单位。",/Date(1517010321000+0800)/,1
2199505,银杏没有了，只能看看树枝了。2元门票不错，里面很多锻炼身体的，走一圈也挺不错的。,/Date(1481465163000+0800)/,1
62421688,昨天的雪吸引我到哪里去，门口的庙会门票销售亭子和门口挂的大红灯笼，好像说这什么，可惜在这特殊的年份里，没什么用处了，就是让我们想象一下吧。,/Date(1581077332000+0800)/,0
8477344,每月1-5号卖月票，6块钱一张，加上5毛钱卡底，一张照片这月就能免费了。不过春节那月不适用。里面没有以前的味道了，马路宽了，更商业化了。,/Date(1450867874000+0800)/,0
8068191,门票不贵就2元，到里面看坛再花5元门票。遗憾的是其他的历史古迹都被深锁，没有开放。专门去游玩没必要，适合闲暇溜达去看看。里面居民游乐锻炼什么都有，也可以了解北京人的日常生活。,/Date(1450970806000+0800)/,2
555385,基本上就是一个公园里边的建筑基本都是后来修的。最著名的是地坛庙会，随着管理的严格，庙会摊位越来越有秩序了，不过人气就差了很多。,/Date(1580487547000+0800)/,0
4592641,地坛的鸽子非常多，很多小朋友都在喂鸽子，鸽子就跟着走，可爱极了！飞起来的时候也很惊人，有规模，估计是北京比较壮观的鸽子群了。,/Date(1489234878000+0800)/,0
4592641,地坛有很多鸽子，可以买食喂它们，鸽子飞起来，特别壮观，估计这是北京市区内最大的一片鸽子群了，门票不贵，里面以松柏著称，值得去,/Date(1488973511000+0800)/,0
173128382,地坛公园面积很小，就像一个市民公园。绿化不错，简单纯朴。来游玩的人很少所以也比较舒服，门票便宜，2元，入中心5元，这么个小地方也分几个收费点，是不是太浪费资源？！,/Date(1535190859000+0800)/,0
51531917,说说地坛的方泽坛吧。方泽坛是地坛的主体建筑，是皇家盛大的祭祀礼仪之地，俗称拜台。喜爱历史的绝对值得一游，一般游客可以不去。,/Date(1472774327000+0800)/,2
1188519,只要在北京过年，地坛庙会都会必去一趟，虽然知道人多，可还是会去感受热闹非凡的庙会。,/Date(1446565258000+0800)/,0
7996730,地坛公园又称方泽坛，是古都北京五坛中的第二大坛。地坛公园位于北京市东城区安定门外大街，占地37.4公顷。公园始建于明代嘉靖九年（公元1530年），是明清两朝帝王祭祀“皇地祇神”的场所，也是中国现存的最大的祭地之坛。地坛公园有方泽坛、皇祇室、牌楼、斋宫等著名旅游景点。1984年被评为北京市文物保护单位。,/Date(1525570738000+0800)/,0
80569141,平时人非常少的一个公园，管理的很干净，没事儿在里面走一走，非常舒服，门票才两块钱，但是每年庙会和办图书节的时候，那里人就非常非常的多了，交通拥挤的很啊。秋天的时候，有有一处银杏大道，看黄色的银杏，非常漂亮。,/Date(1524286599000+0800)/,0
82467875,地坛又名方泽坛、是原来皇上祭地神的地方、有好几百年的历史了、平日的地坛很安静庄严的、、树木非常的多、很多都是古树、还有很多的鸽子、有门球场地、健身操地、还有养生乐园、是老百姓常去的市民公园之日。冬天会举办庙会、春秋还会有书市。,/Date(1505270649000+0800)/,0
55735390,又称方泽坛，是古都北京五坛中的第二大坛。始建于明代嘉靖九年（公元1530年）是明清两朝帝王祭祀“皇地祇神”的场所，也是我国现存的最大的祭地之坛。坛内总面积37.4公顷，呈方型，整个建筑从整体到局部都是遵照我国古代“天圆地方”、“天青地黄”、“天南地北”、“龙凤”、“乾坤”等传统和象征传说构思设计的。地坛现存有方泽坛、皇祇室、宰牲亭、斋宫、神库等古建筑。1984年被评为北京市文物保护单位。,/Date(1505255518000+0800)/,0
18833354,非常非常非常非常非常非常非常非常非常非常非常非常非常非常非常非常非常非常非常非常非常非常非常非常好，下次还来。非常非常非常非常非常非常非常非常非常非常非常非常非常非常非常非常非常非常非常非常非常非常非常非常好，下次还来,/Date(1503501214000+0800)/,0
87258570,地坛是明清两朝帝王祭祀“皇地祇神”的场所，也是我国现存的最大的祭地之坛。始建于明代嘉靖九年（公元1530年）的地坛是古都北京五坛中的第二大坛，又称方泽坛。整个建筑从整体到局部都是遵照我国古代“天圆地方”、“天青地黄”、“天南地北”、“龙凤”、“乾坤”等传统和象征传说构思设计，朴实端庄，别具一格。,/Date(1500471862000+0800)/,0
40415993,游览了地坛公园（5元），里面的红枫（可惜不够红）与金黄的银杏、梧桐都特别绚丽，好一派闹市中的秋色。又随意闲逛了几条著名的老胡同区、钟鼓楼、什刹海胡同休闲游览区（后海）、北海公园外眺望白塔。故宫后门，夕阳照射下碧波微荡的护城河与高大古朴的城墙。,/Date(1481890448000+0800)/,2
82467875,地坛又名方泽坛、是原来皇上祭地神的地方、有好几百年的历史了、平日的地坛很安静庄严的、、树木非常的多、很多都是古树、还有很多的鸽子、有门球场地、健身操地、还有养生乐园、是老百姓常去的市民公园之日。,/Date(1510020218000+0800)/,0
7972784,与天坛同为祭拜之地，只目的不问,/Date(1606140216000+0800)/,0
195549778,古时祭祀之所，现今休闲健身之处,/Date(1584268852000+0800)/,0
6072764,门票极便宜，是老北京们锻炼遛弯的好地方，有练摔跤的，练太极的，唱歌的唱戏的。踢毽子的，非常热闹。也有闹中取静的地方可以看银杏树，可以两个人拉着手闲逛，性价比非常高，还有地铁可以到，比较推荐。,/Date(1446607021000+0800)/,0
24457964,地坛又称方泽坛，是古都北京五坛中的第二大坛。始建于明代嘉靖九年（公元1530年）是明清两朝帝王祭祀“皇地祇神”的场所，也是我国现存的最大的祭地之坛。,/Date(1551098583000+0800)/,0
27857026,春节庙会人那个多啊，表演都看不到了，羊肉串都20-30元一串，还抢着买，印证了一句话，不冤不乐。灯笼倒还挺漂亮，地面也还算干净。,/Date(1486001553000+0800)/,3
36745135,门票超便宜，里面的银杏林非常有特色，是北京金秋赏叶的好去处。里面还有一些儿童的游乐设施，没有太多新意。但地坛里面的鸽子是明天都会去的，适合和孩子一起带着谷物喂喂它们，来个亲密接触,/Date(1476871640000+0800)/,0
796034,北京知名市属公园，春节庙会的固定举办地，院内绿植面积覆盖率较高，适合市民晨练散心，进入坛心需要另付费购买门票。历史遗迹不多。适合带小朋友来活动，园内无游艺设施。喂喂鸽子还不错。,/Date(1523151478000+0800)/,0
62421688,时间过的真快，热热闹闹的春节庙会就结束了。意犹未尽。门票10元一张，老年人5元。里面大多都是买小吃的，有文艺表演，我最爱的还是相声。,/Date(1549875860000+0800)/,0
1524663,每年春节地坛都有庙会，虽然东西越来越贵，老北京的玩艺儿越来越少，但还是过年的主要活动之一,/Date(1455258224000+0800)/,2
12152622,地坛雪景，雪虽小，但精致，有收获,/Date(1576834862000+0800)/,0
62284684,领着孩子学习开车。呵呵。喂鸽子。,/Date(1490706328000+0800)/,0
39544132,"北京的地坛是与天坛相互对应的，因为古人有“天南地北”和“天圆地方”的说法，所以天坛建在南侧，地坛建于北侧。天坛的建筑是圆形，
人很多！而地坛的建筑则是方形，另收门票的景点我们也进去了，感觉整个景点被我们承包了就我们三口，后来进来了几个大学生模样的小伙子，要不真有点恐怖呢？国庆节也许因为下着毛毛细雨游人很少，门票才两元，就在我们住的酒店对面，吃过早点进来转转，公园不大，幽静极了！",/Date(1477309802000+0800)/,1
31395200,皇帝祭地的地方，和天坛相似，由于天坛有回音壁所以比较有名气，如果旅游去过天坛了，地坛就可以不用来了，地坛的门票一直很亲民，也就2元搞定!,/Date(1455500510000+0800)/,0
42325973,挺好的，风景好，不过没什么玩的，不过过年那几天应该有庙会,/Date(1451727933000+0800)/,0
25063734,从雍和宫出门，过了二环就是地坛公园了。核心景区需要收门票，不过外面成为了很多老人散步的好去处。核心景区的古迹多数已经年久失修，历史感十足,/Date(1447770824000+0800)/,0
240585731,在安定门外，北京九坛八庙之一，是明清祭祀土地的地方。,/Date(1577802871000+0800)/,0
18631582,去年十月下旬，和博友姐妹俩来到了地坛公园，观景看花，绿意浓浓，尤其是银杏叶金黄闪闪的甚是漂亮，如果有时间还想在那个秋天赏银杏叶呢！,/Date(1552040579000+0800)/,0
41955403,地坛庙会开始举办至今已有32届了，该庙会以较高的艺术品位和鲜明的民族特色享誉中外，其胜景被誉为现代的《清明上河图》和中国的狂欢节。,/Date(1484562017000+0800)/,0
2122002,北京很有名的公园，地理位置优越，交通方便，南门不远处就是地铁站，早晨晨练的人非常多，周围的配套设施也很全，是个北京市民喜欢的地方。,/Date(1480607691000+0800)/,2
56503202,在家闷的慌，好想出来逛逛，只能看着照片一饱眼福。,/Date(1581232473000+0800)/,0
472962,古代皇帝祭地之处，现在辟为公园，但仍保留了祭坛，还有展览，介绍祭祀流程礼仪。平时人不多，早上多为晨练者，双休多为携家带口的当地。,/Date(1451111629000+0800)/,0
512246,地壇的门票是二元，面积不算大，景观没什么特别，现在有改造工程，遇风大时感觉不好，会吹到一面沙坭，天气好时，是个去晨练的好地方，好多本地人去哪晨练。,/Date(1473075482000+0800)/,1
76722513,北京著名的旅游景点之一，希望大家能够来游玩！,/Date(1576055693000+0800)/,0
5979984,带上全家老小，去地坛的时候正赶上春节地坛庙会，那真是锣鼓喧天，鞭炮齐鸣，锦旗招展，人山人海。独特的老北京生活气息，值得回味！,/Date(1502022255000+0800)/,0
3903236,地坛公园是北京的四坛之一，是明清时期皇帝祭祀“皇地祗神”的场所，园内有众多的明清时期古建筑。古人有“天南地北”和“天圆地方”的说法，所以天坛建在南侧，地坛建于北侧，而天坛内的建筑都是圆形，地坛内的建筑则全都是方形。地坛公园内的银杏大道是北京最古老的银杏路，位于公园北门进身，其中有些银杏树是在明朝建坛时就种下的，每到黄叶时节满眼金黄，十分漂亮。春节期间，地坛公园会有盛大的庙会活动，而金秋时节，每年都会举办图书节。,/Date(1501593594000+0800)/,0
5096456,过年时赶庙会去挺好的，能淘不少小东西，买一串糖葫芦，吃得很惬意。看看大家的表演，有舞龙的，有唱戏的，有表演小品的，人很多,/Date(1489121102000+0800)/,0
3767612,只是以前皇家祭地的地方，春节大年初一到初七会举行庙会，有各种游玩项目，大年初一早上九点还有仿清朝祭祀活动表演，人山人海。,/Date(1485736318000+0800)/,0
77699883,天坛，地坛分别是皇帝祭天和祭祀用的地方。天坛宏伟庄严，站在高达的祈年殿外会感受到古代皇权的至上。天坛公园也是一个很不错的散心地方。地坛是一个很养生的地方，里面虽然地方远不如天坛大，但是环境比天坛好很多，非常适合散心。,/Date(1482826637000+0800)/,0
37579989,非常好的地方可以在这里好好的逛逛，平时的人很少，如果喜欢人多就春节时候来，那个时候有庙会，人山人海。,/Date(1479797275000+0800)/,1
40415993,就在雍和宫附近，记得金秋时节来吧！这里的银杏与红枫林非常漂亮，难得的城市秋色啊！,/Date(1454823250000+0800)/,2
34852609,春节庙会很有名，春秋景色宜人，交通便利,/Date(1576449898000+0800)/,0
39349987,全国最大的祭地场所，听说春节庙会热闹。,/Date(1487486519000+0800)/,0
65498569,北京皇家祭坛之一，与天坛南北对应。,/Date(1577172005000+0800)/,0
7996730,地坛始建于明代嘉靖九年（公元1530年），是明清两朝帝王祭祀“皇地祇神”的场所，也是中国现存的最大的祭地之坛。,/Date(1526098346000+0800)/,0
32353007,地坛，现在就是一个公园是北京人平时爱锻炼的地方，里面都是一些老头老太太，早上去比较好，空气非常清新，里面比较大,/Date(1455356600000+0800)/,0
11911845,"【景色】秋天景色尤其优美，可以看到银杏叶
【趣味】有很多娱乐设施
【性价比】淡季票价非常便宜",/Date(1561013946000+0800)/,1
16398021,地坛门票很便宜，逛逛心情很好。过年时候里边很热闹，有庙会，挂着满天的红灯笼，里边叫卖的小贩，就像回到了小时候,/Date(1446046808000+0800)/,0
3940977,"古时皇帝祭地的场所,整个公园古朴清幽,非常适合一个人静静地散步,边走边感受几百年前皇帝祭祀时的壮观景象.",/Date(1484204693000+0800)/,0
164149849,"不错 就是人太多了      
",/Date(1519095917000+0800)/,0
3503183,明清两朝祭地的皇家园林，有很多银杏树，秋天很漂亮。每年的地坛书市和地坛庙会北京尽人皆知，非常热闹。,/Date(1494310139000+0800)/,0
59477888,地坛又称方泽坛，是古都北京五坛中的第二大坛，也是中国现存的最大的祭地之坛，是北京市文物保护单位。,/Date(1512542389000+0800)/,0
29018125,地坛公园是中国现存的最大的祭地之坛，平时基本上就是早锻炼的地方，过年的时候地坛庙会是北京最大的,/Date(1520737041000+0800)/,0
13074262,在安定门附近的地坛公园，由于史铁生的文章我与地坛而想去看看。去了地坛公园，公园里银杏大道很美。,/Date(1508672669000+0800)/,0
806368,门票2元不贵，但是去的时候方泽坛不开放，看不到精华。,/Date(1557492714000+0800)/,0
12625830,风景很棒，有山有水，绿植也很茂盛，古典的园林点缀像是置身在大家中的后花园，非常适合餐后游园。,/Date(1469458041000+0800)/,0
103704474,地坛公园现在很漂亮，平时人不多，是市民休闲的好地方。大树很多，地坛公园是有历史悠久的公园。,/Date(1571137472000+0800)/,0
16114415,八十年代，地坛庙会特别有特色，各种吃的玩的，很有北京味道。现在庙会多了，特色就不那么浓厚了,/Date(1506385634000+0800)/,0
89693449,地坛也是北京4A景区。虽然地坛比不过天坛的名气，但是我很喜欢，门票只有两元，游人也很少。,/Date(1515185871000+0800)/,0
5259918,和天坛一样，是清朝皇帝祈求丰收的场所，景色肃穆，到处是松柏，全免费，公园很大，值得来玩。,/Date(1475453953000+0800)/,0
29747210,地坛公园位于北二环，这里有很多树，很多都要百年老树，而是树上还有排子，这里它们的户口喔。,/Date(1471656973000+0800)/,0
82456741,有多少人是因为史铁生才去的地坛？让我看到你们的双手。对于我们这一辈的外地游客来说，短暂的旅途中能想到来地坛走一走，不是因为史铁生，不是因为《我与地坛》，又为了什么。,/Date(1556366886000+0800)/,0
53231857,地坛公园不大，公园里有一片杏林，风景很美。,/Date(1497008327000+0800)/,0
73672599,又快到过年的时候了，地坛公园已经开始准备一年一度的书市场地了，今年的排场有时很大。,/Date(1485098607000+0800)/,0
16273353,北京的地坛公园 春节的时候有庙会 特别热闹,/Date(1481892429000+0800)/,0
54097441,票价2元，里边都是老头，老太太在锻炼身体，里边有成群的和平鸽，不怕人，很可爱,/Date(1526905978000+0800)/,0
5088125,第二次去的时候感觉跟第一次不太一样了，可能心境不一样，,/Date(1556669525000+0800)/,1
4207619,公园古色古香，有庙会就热闹很多了。,/Date(1484306029000+0800)/,0
7996730,地坛是明清两朝帝王祭祀“皇地祇神”的场所，也是中国现存的最大的祭地之坛。,/Date(1524783943000+0800)/,0
30724396,地坛公园的票价非常便宜，就是不如天坛的景观多，也就是春节庙会的时候热闹些,/Date(1520734701000+0800)/,0
77950321,地坛庙会 棒棒哒 人很多 北京当地人很多 轮椅的老头都出来了,/Date(1486124823000+0800)/,1
2005930,没有天坛的知名度那么高，但环境却很美，相对也更幽静。同样是祭祀之所。,/Date(1519492204000+0800)/,0
119049218,与天坛在北京城南北呼应，现在是一个市民大公园，在此锻炼休闲的人很多。,/Date(1508845308000+0800)/,0
52821760,整体布局按照我过古代天圆地方，天青地黄，天南地北等传统观念构思设计。,/Date(1493791231000+0800)/,0
90119081,去过好几次，每年的庙会最热闹，人最多。平时办张月票，适合来这晨练。,/Date(1522983037000+0800)/,0
1127427,小时候老是去这里逛庙会，各种小吃记忆犹新，想想还是口水直流。呵呵！,/Date(1484949032000+0800)/,0
824531,当地人休闲纳凉的好地方！遛狗，踢键子，跳广场舞，哈哈，好不热闹！,/Date(1559963985000+0800)/,0
26161524,地坛公园位于东北二环，这里有很多的古树，来这里溜弯乘凉的人很多。,/Date(1470703692000+0800)/,0
25973659,地坛位于北二环，这里是我每天必去的地方，这里可热闹了，也很凉快，,/Date(1470191351000+0800)/,0
529608,因为史铁生的《我与地坛》而去过，肃穆幽静的地方，也是皇家祭祀之地,/Date(1456146320000+0800)/,0
37001784,地坛公园在雍和宫以北，是老北京著名坛庙，每年春节都有地坛庙会。,/Date(1560567865000+0800)/,0
49556867,公园倒是挺大的，有个健身广场还不错，介绍人体穴位，其它的没有什么特色了，不过票价倒是挺便宜，散散步倒也挺不错的。逛一圈，慢慢的走估计要1小时。,/Date(1559093542000+0800)/,0
7996730,公园始建于明代嘉靖九年，是明清两朝帝王祭祀“皇地祇神”的场所。,/Date(1524524602000+0800)/,0
74011233,很安静的公园，但每年春节庙会的时候非常热闹,/Date(1518797059000+0800)/,1
150342801,地坛公园在北京的东城安定门，里面有条银杏大道，秋天去照相很美。,/Date(1508675506000+0800)/,0
883933,以前每年有两次书市，可热闹了。春节的庙会一直是市民的一次大聚会,/Date(1507768467000+0800)/,0
64081726,地坛公园占地面积和天坛差不多大，古色古香，平常去的话人也不太多,/Date(1507767395000+0800)/,0
21600710,家边上的公园，经常去，孩子在里面骑车，地面平整，适合散步游玩。,/Date(1474093158000+0800)/,0
26564282,地坛位于北二环，这里邻近雍和宫，国子监，也是参观旅游的好地方。,/Date(1471217894000+0800)/,0
5679629,"地坛公园位于北京城安定门外,  现成为附近居民休闲锻炼的好去处.",/Date(1496730257000+0800)/,0
587866,地坛主要是明清皇帝祭祀地方，它与天坛相对应天坛祭天地坛祭地。,/Date(1491124919000+0800)/,0
24145879,皇帝祭天之后还要祭地，代表社稷，但地坛就沉闷得多，游人也较少,/Date(1488215891000+0800)/,0
21465960,北京之行其实还有好多景点错过，但开放得不够全面，不能真正目睹北京古代历史的真貌！应该在开放的景点中更好更全面地开放将真正的面貌出现旅客面前！,/Date(1475718445000+0800)/,0
49788740,北京古老的首都一个值得我们回忆的地方有机会的每个人都要来看看,/Date(1453702917000+0800)/,0
2663495,旁边好像就是地坛医院，是个公园，经常举办书市和庙会一类的活动,/Date(1448163597000+0800)/,0
36928199,春节赶庙会，人超多，人挤人的程度，吃的玩的都小贵，不过人们似乎唯恐买不到，商家忙的不亦乐乎。逛逛感受一下庙会气氛，有舞狮表演，一次就够了。,/Date(1534646399000+0800)/,0
72972672,这里很大，人来人往，有唱歌的有打门球，享受每天快乐生活，赞,/Date(1517739990000+0800)/,0
28395404,感觉还不错，可以去看看的，小吃也有很多,/Date(1500249339000+0800)/,1
5096456,地方很大，风景很好，大门很壮观，过年期间有庙会，来的人很多,/Date(1494116651000+0800)/,0
34329410,皇家园林，公园只象征性的收取两元门票,/Date(1558766545000+0800)/,1
54097441,地铁这边儿老年人居多，都是来运动的，附近有国子监和雍和宫,/Date(1529105189000+0800)/,0
7996730,明清两朝帝王祭祀的场所，也是中国现存的最大的祭地之坛。,/Date(1527983082000+0800)/,0
171942693,环境优雅 古色古香。 春节庙会 北京之最 。祈福典礼人满为患。,/Date(1524357151000+0800)/,0
119042959,如今地坛是城北较大的市民公园，周边市民来此锻炼及休闲。,/Date(1520001353000+0800)/,0
148707420,除了庙会应该比较晚女神们，就是个现代女生去玩了，太冷清,/Date(1517907226000+0800)/,0
2227144,很清静的一个地方，也不缺文化。可以先看看史铁生我和地坛,/Date(1508157078000+0800)/,0
78353449,可以去逛逛，静心养身，运动好场所,/Date(1495508100000+0800)/,1
5096456,地坛公园的庙会值得一去，有唱戏的，舞狮的，特别精彩,/Date(1491996062000+0800)/,0
5259918,很有名的景点，也是世界遗产，是皇帝祭奠土地的地方。,/Date(1484446161000+0800)/,0
166803453,北京的地坛公园面积很大，里面可观看游玩的点很多！,/Date(1569626628000+0800)/,0
35438632,每年的地坛庙会很有过年氛围 有机会一定要去感受一下,/Date(1555732445000+0800)/,0
74011233,地坛，春节期间的庙会不错，很有特色，就是人太多了,/Date(1549648617000+0800)/,0
88176911,北京地坛真是太漂亮了。真是太漂亮了。真是太棒了。,/Date(1524987862000+0800)/,0
89693449,我经常来地坛，这有很多的古树，然后锻炼的人也很多,/Date(1524263631000+0800)/,0
3143125,冬有冬的美，满地洒满金黄，锻炼的人一堆一堆...,/Date(1511133057000+0800)/,0
119042959,地坛是北京城北较大的市民公园，健身休闲的人很多。,/Date(1509756191000+0800)/,0
24809960,这里的空气清新舒适，适合在这里散步，是天然氧吧,/Date(1573302705000+0800)/,0
36893900,遛弯锻炼健身好去处 里面其实隐藏很多有意思的地方,/Date(1568248525000+0800)/,0
5703706,"去过2次 地方非常大!
特别气派 外面那公园也很不错",/Date(1560207007000+0800)/,0
96326199,相比其它景点这里清净一些，尤其是早晨，适合散步,/Date(1521418894000+0800)/,0
151766435,这是一个很不错的地方之一，非常值得推荐一下的。,/Date(1519793804000+0800)/,0
72972672,今年的庙会人来人往，很有特色，有吃的有玩的，赞,/Date(1518965787000+0800)/,0
1108735,快到庙会了，地坛张灯结彩，分外热闹，看着就喜庆,/Date(1518395093000+0800)/,0
28122736,家附近的公园，又有古建筑，很棒！从小就经常来。,/Date(1502537806000+0800)/,0
9088265,公园内景色优美，种植了很多植物，还有专门的药圃,/Date(1490329442000+0800)/,0
3412461,天坛地坛都是来北京必到之处，还是那样庄严肃穆。,/Date(1450146573000+0800)/,0
56503202,位于东城区安定门外大街，交通便利，值得推荐。,/Date(1567658697000+0800)/,0
70612049,去逛的庙会，非常热闹，管理有序，就是东西很贵,/Date(1520044342000+0800)/,0
17185937,园林绿化的很好，休闲人员吹拉弹唱，好不热闹。,/Date(1504441185000+0800)/,0
16114415,与天坛遥相呼应，喜欢这举办的年会，很有年味道,/Date(1489930755000+0800)/,0
1290561,离地铁很近，附近公交也很方便，附近有一些餐厅,/Date(1471523373000+0800)/,0
3239582,每个季节都有它独特的美丽，庙会也是一大亮点,/Date(1548228169000+0800)/,0
23206370,地坛公园是明清时期皇帝祭祀皇地祗神的场所。,/Date(1499122210000+0800)/,0
,附近居民健身的多，秋天开拍银杏，每年都来。,/Date(1490373203000+0800)/,0
12476838,吃完饭来这里逛逛，很不错！！适合养生锻炼…,/Date(1487261315000+0800)/,0
1541858,清净的公园。绿化的非常好，每天散步的好去处,/Date(1473368841000+0800)/,0
3732795,银杏大道非常漂亮，绿化很好，散步的好地点。,/Date(1456796248000+0800)/,0
11351287,很大的公园，交通便利，春节会有庙会很热闹,/Date(1558405702000+0800)/,0
160852109,喜欢这把女声，很好听，讲了一些景点牌子没有的东西，因为我是没有下载app是用网页听的，只能到一个点就手动点击景点介绍啦。,/Date(1518146088000+0800)/,0
391613,地坛平时去人不多，适宜慢慢参观游览。最热闹的时候就是每年的春节庙会了，各种表演还有小吃鳞次栉比，令人目不暇接，回味无穷。,/Date(1505342048000+0800)/,0
6065019,公园里家很近，古树参天，处处透着历史悠远,/Date(1491597718000+0800)/,0
74088047,和天坛一样，是古代帝王祭祀土地神的地方。,/Date(1487019742000+0800)/,0
35240601,风景较好，空气清新，是一个游玩的好去处。,/Date(1479383834000+0800)/,0
64103244,地坛庙会是北京人最喜欢的庙会，春节人很多,/Date(1470019802000+0800)/,0
85912598,北京地标景区之一，还不错，涨了不少知识,/Date(1580652145000+0800)/,0
238706009,地坛，北京还有一个天坛，两个相对应的。,/Date(1580273235000+0800)/,0
34022235,很优雅安静的公园，树木成荫，清静宜人！,/Date(1565304110000+0800)/,0
14794448,北京地坛还可以，顺便去走一走，看一看。,/Date(1488261572000+0800)/,0
58958556,地坛公园仍然要收费，但是里面的舞姿曼妙,/Date(1482070760000+0800)/,0
3206886,今天开完会后去了下，离宾馆很近，很壮观,/Date(1480467760000+0800)/,0
13574868,地坛是很值得去的公园。有银杏一条街。,/Date(1557147680000+0800)/,0
1150957,干净！音乐声有点大！游客少！门票不高,/Date(1530864216000+0800)/,0
43754540,旅游好去处，大家有机会可以去看看吧。,/Date(1520958676000+0800)/,0
28841945,北京名胜古迹，是祭祀的场所，很壮观。,/Date(1513901776000+0800)/,0
1436681,北京礼仪学院曾经的所在 方泽轩记忆深刻,/Date(1503669019000+0800)/,0
6065019,地坛公园位于北京市东城区和平里附近。,/Date(1499694765000+0800)/,0
6065019,地坛公园位于东城区，里面️很多的古树,/Date(1497977264000+0800)/,0
6065019,地坛公园位于东城区，历史也很悠久的。,/Date(1497689342000+0800)/,0
2107874,印象最深的是每年的书市，没有天坛有名,/Date(1478273093000+0800)/,0
68457887,早晨去吧，氛围真的不一样。好多练武的,/Date(1477549954000+0800)/,0
57020357,在安定门外，古时候祭祀大地的地方。,/Date(1574341012000+0800)/,0
24809960,这公园适合散步，绿树很多，空气清新,/Date(1574206357000+0800)/,0
53918843,门票很便宜，春节时候的庙会人气很旺,/Date(1568164153000+0800)/,0
78184764,值得一去看看，地坛经常有活动，不错,/Date(1517922327000+0800)/,0
12054429,很值得去的地方，假期的时候逛逛很好,/Date(1511388502000+0800)/,0
3447041,地坛公园很大，古树很多，空气新鲜。,/Date(1509082478000+0800)/,0
1059852,皇帝祭祀土地丰收之处，很好很有趣味,/Date(1506771892000+0800)/,0
50217079,闹市中安静的一隅，美丽的地坛古迹。,/Date(1503039999000+0800)/,0
6065019,地坛公园位于北京市东城区和平里附近,/Date(1498837619000+0800)/,0
6065019,地坛公园与天坛公园相呼应。一南一北,/Date(1498490145000+0800)/,0
6065019,地坛公园古树很多，很安静，人不多。,/Date(1495548939000+0800)/,0
36550083,北京古老的遗迹，游人如织，如在画中,/Date(1495491465000+0800)/,0
158206553,有着我国悠久的历史文化，值得一去,/Date(1523320213000+0800)/,0
30748493,这里环境好，下次还会带朋友去的！,/Date(1502918990000+0800)/,0
883933,从小玩到大的公园，每年春节的庙会,/Date(1497832135000+0800)/,0
6065019,古树参天，每年都会在地坛举办庙会,/Date(1494936115000+0800)/,0
62427396,风景挺不错的，一年四季都适合去。,/Date(1492388959000+0800)/,0
3570636,每当春节的时候，这个地方很热闹。,/Date(1485431854000+0800)/,0
34706793,接地气的公园，最爱里面京味集体舞,/Date(1482030577000+0800)/,0
35240601,值得去看一看，游一游，还不错哦。,/Date(1475724658000+0800)/,0
17974470,皇家气势环境不错来北京一定要来玩,/Date(1474294443000+0800)/,0
34022235,公园不大，环境很好，空气清新！,/Date(1573686661000+0800)/,0
96227225,地坛公园又称方泽坛，是明清两朝帝王祭祀“皇地祇神”的场所，地坛公园有方泽坛、皇祇室、牌楼、斋宫等著名旅游景点。,/Date(1564980845000+0800)/,0
85912598,一般般，人不多，比天坛差远了！,/Date(1560698572000+0800)/,0
27077024,融入其中，切身体会历史的痕迹。,/Date(1555377322000+0800)/,0
3036876,地方很大很宽广，对放松身心很好,/Date(1524005949000+0800)/,0
163767669,好，不错，哈哈哈哈哈哈哈哈哈哈,/Date(1518827523000+0800)/,0
689448,这里的绿色植被挺多的，空气好。,/Date(1510273089000+0800)/,0
32615678,不错不错不错，环境挺好的，方便,/Date(1502981837000+0800)/,0
12054429,天坛去过了就一定要来地坛看看。,/Date(1501913815000+0800)/,0
85002054,庙会时来很有过节的氛围 非常不错,/Date(1501589663000+0800)/,0
32569390,超级棒的景点，值得一来，棒棒哒,/Date(1500538581000+0800)/,0
6065019,地坛公园与天坛公园遥想呼应的。,/Date(1499335104000+0800)/,0
1897175,从小玩耍的地方，祭坛历史悠久！,/Date(1498222038000+0800)/,0
36550083,别据风味的景点，老皇城的韵味，,/Date(1489281207000+0800)/,0
3412461,它和天坛相对，也是个旅游胜地。,/Date(1472612556000+0800)/,0
5703706,去过两次的地方 很不错的地方!,/Date(1580175705000+0800)/,0
78541806,年味浓郁 北京人体验与选择 很好,/Date(1534306006000+0800)/,0
19224800,地铁5号线和2号线都是雍和宫站，上来后就能看到。以前皇上祭祀的地方,/Date(1455976263000+0800)/,0
119418744,讲得还可以，音乐挺应景的，在地坛的坛上反复听了很多次。但是后来我发现语音讲解的内容在皇祈室里墙上挂着都有，那还要你讲解啥呢，只能说偷懒了,/Date(1552959281000+0800)/,0
49650587,古时候皇帝祭祀土地的地方，公园内有北京最古老的银杏路，秋天的时候特别好看，黄灿灿的，丰收的好气象,/Date(1458695836000+0800)/,0
196254102,2013年5月30日参观，很晚了依然开门迎客，但向内一瞧，基本没什么灯光，游览也看不清什么景色，还是不进去了吧。,/Date(1538792629000+0800)/,1
97112191,读了史铁生先生的我与地坛 对地坛不免有些憧憬 终于 在到北京的第三个月去了 全无书中萧瑟之景 也不知先生是坐在哪一处望见母亲 有些乏味 但来京一趟 去过也就算未留憾事了,/Date(1528389920000+0800)/,1
69208154,皇家园林，景色宜人，但被人为用作办各种展会敛钱，毁坏老祖宗留下的好东西，中饱私囊，令人惋惜！,/Date(1520405570000+0800)/,0
29214049,在北京地坛公园内，个人觉得地坛比天坛逊色些，，三个圆，无什么特色，据说是皇帝祭祀活动之用,/Date(1475373792000+0800)/,0
2627022,地坛也是明清两代皇帝祭祀的重要场所，也有类似园林建筑，在观看祭祀物品和展示时也可散步休闲,/Date(1452840306000+0800)/,0
9302125,秋天的时候银杏叶很壮观，游客也比较多。平时周边的居民老人遛弯的比较多，有年卡和老年证。,/Date(1559220891000+0800)/,0
80786962,我是在宝宝的基础上给的评价，宝宝有点小给的评价还算可以吧，宝宝不太适合庙会情节，呵呵呵,/Date(1519048557000+0800)/,0
69763443,门票2元，里面还有园中园，另收5元，方泽坛，建议单买票进去。,/Date(1567468337000+0800)/,1
13283878,感觉没有天坛公园大，不过里面的游人还是很多。可惜季节不对，没有见到银杏黄叶的风景,/Date(1488253484000+0800)/,0
23445643,还行吧，但感觉还是差点事儿，这次不是行政楼那边儿，不知行政楼那边儿房间怎么样？,/Date(1519269058000+0800)/,0
8508925,最有名当属银杏大道了，现在正当时，但每年都一样就没什么意思了，没看过应该去看看,/Date(1510016137000+0800)/,0
72469819,神呐。慕名去观赏地坛银杏，没想到几乎是游人比树叶都多。。。。。还好之前在国子监的银杏拍了几张美图。,/Date(1479464510000+0800)/,3
1514509,地坛的银杏非常有名，适合深秋去拍照,/Date(1475167882000+0800)/,2
347714,已经没有什么古迹了，所以门票很便宜。经常在这里有庙会，卖些小商品和小吃。,/Date(1456320008000+0800)/,0
874717,门票不贵，我们晚上去的，公园里较黑，看不到建筑物。,/Date(1500185398000+0800)/,1
1031800,空气好，特别适合周末出来逛逛，很多带孩子来的。挺大的，可以好好逛逛。,/Date(1469621199000+0800)/,0
69763443,进去那么多次，还是陪亲戚单买票进的方泽坛，原来就是当一般公园逛了,/Date(1574641220000+0800)/,0
2227144,很清静的公园，只是因为在北京，要是换任何别的城市都得是最牛景点吧,/Date(1572347406000+0800)/,0
116961042,门票价格很优惠，2元一张，环境还是不错的。,/Date(1535807924000+0800)/,1
25309226,安静、宽敞，秋天来看银杏真是没不过，特别配古建，简直了！,/Date(1572480817000+0800)/,0
69518875,公园不大，古树很多，附近居民散步运动的很多。绿化很好。,/Date(1474336586000+0800)/,0
49144667,影响最深的是每年春节的庙会，平时是周边居民晨练的场所。,/Date(1472894469000+0800)/,0
3633499,带孩子这里玩，树木茂密，不热。旁边金鼎轩的吃的还不错。,/Date(1467548208000+0800)/,0
37655619,没到过年庙会，人多的就特别夸张，过街天桥都上不去了。,/Date(1512951009000+0800)/,0
89746640,古建筑不多，苍翠松柏，造型奇特，这些古柏很吸引眼球。,/Date(1493721805000+0800)/,0
37066326,春节庙会去的，人山人海，不太喜欢。平时去应该不错。,/Date(1525288700000+0800)/,0
45058617,过年逛庙会了，地方不大，人太多，觉得没什么吸引力！,/Date(1523626666000+0800)/,0
99591172,在北方，祭祀后土的场所，平时是个公园，过年有庙会。,/Date(1522795286000+0800)/,0
2172459,公司搬了家后，就在地坛北门，办个月票中午去遛遛弯。,/Date(1505205477000+0800)/,0
1590284,离家不远的公园，每年春节举办庙会，春季还有书市。,/Date(1476076866000+0800)/,0
158951364,冬天除了庙会时，地坛真，的没有什么意思，里面冷冷清清的，也没有升级么景儿和玩的地方，还是等庙会开了再来玩吧！门票平时2元一张。,/Date(1515600470000+0800)/,0
25129749,一个休闲的公园，慢慢的在里面走着，环境是不错的,/Date(1501548833000+0800)/,0
36550083,景点还行，最好选择夏季去，冬天去没什么可以看的,/Date(1488671909000+0800)/,0
28065320,喜欢历史文化的可以去逛逛，其他就和普通公园一样,/Date(1457455107000+0800)/,0
116961042,门票不贵，2元一张，里面不大，但是很有特色。,/Date(1524287672000+0800)/,0
158967501,离家很近却很少去，门票2元，里面除了秋天和庙会时热闹，平时挺冷清的，游人很少，大多附近免门票的老人遛弯了,/Date(1515521657000+0800)/,1
37655619,每次过年的时候人超级多，连过街天桥都上不去,/Date(1528592561000+0800)/,0
37417826,虽然是古迹吧，票价也不过，但是吧看看也可以,/Date(1516354034000+0800)/,0
33827357,也是一个很有名的景点，但是可看的其实不多。,/Date(1499069713000+0800)/,0
1853736,古代帝王祭地的地方，历史悠久，值得一去。,/Date(1573191674000+0800)/,0
5460894,商家根本就没发数字验证码，虽然是免费的，朋友定的都发验证码了，我的就不知道是啥情况。不知道是手机的原因，还是人品的问题。,/Date(1518941934000+0800)/,0
17409543,城南天坛，城北地坛，城西月坛，城东日坛。,/Date(1493330160000+0800)/,0
51427450,一般，只有在春节庙会才热闹，下次再去。,/Date(1550368557000+0800)/,0
44974149,这里正值庙会时间，人山人海，热闹非凡。,/Date(1549754253000+0800)/,0
116961042,面积不大，里面绿植很多，门票价格实惠。,/Date(1535438154000+0800)/,0
24389936,每年春节都有庙会，秋天有书市，挺热闹的,/Date(1531014105000+0800)/,0
37417826,原来北京市的书市在这里举办，后来搬走了,/Date(1512729897000+0800)/,0
524095,没有天坛宏伟、但很多人是冲着史铁生去的,/Date(1501374974000+0800)/,0
79830855,乱七八糟的庙会 不值得去 烧烤难吃死了还贵,/Date(1486017737000+0800)/,0
4830428,以前是皇帝祭地神的地方，现在是老百姓休闲的场所，绿化不错，秋天的银杏很值得一看,/Date(1472701207000+0800)/,2
116961042,公园不大，门票两元一张，周围有很多树,/Date(1515631014000+0800)/,0
38555061,一定要秋天去！！银杏大道太壮观了！！,/Date(1511792659000+0800)/,0
59381366,方便，边玩边听讲解，很有意思，又不贵,/Date(1510373427000+0800)/,0
37417826,原来这里每年都举办书市，但现在没有了,/Date(1509067241000+0800)/,0
33330183,地坛的庙会最出名，里面有杏树秋天很美,/Date(1503337149000+0800)/,0
36550083,景色一般，游人很多，庙会东西价格不低,/Date(1487467486000+0800)/,0
85912598,天坛祭祀天，地坛祭祀地，好像是这样,/Date(1571497089000+0800)/,0
192628444,每年过年的时候很热闹，值得去逛一逛,/Date(1561081664000+0800)/,0
112877266,环境不错，人挺多。有历史文化韵味。,/Date(1557977961000+0800)/,0
62421688,人文环境很好，客人很多，价格实惠。,/Date(1528525138000+0800)/,0
116961042,不大的一个小公园，秋天的景色还可以,/Date(1511656190000+0800)/,0
5683368,小公园而已，没什么特别的景色和景点,/Date(1496907142000+0800)/,0
623593,过去祭地的地方，春节有庙会，有表演,/Date(1490787335000+0800)/,0
5703706,景色非常好的地方!下次还会再去!,/Date(1570586592000+0800)/,0
216895973,感觉还可以。。。。。。。。。。。,/Date(1551322961000+0800)/,0
24389936,春节有庙会，经常有书展，值得一去,/Date(1545358805000+0800)/,0
62421688,门票2元一张，很优惠，里面不大。,/Date(1527816397000+0800)/,0
33330183,每年都有书市，每年冬天也有庙会。,/Date(1504495605000+0800)/,0
1691340,老年人遛弯不错，带孩子缺少趣味性,/Date(1502631741000+0800)/,0
12821560,昔日皇家园林，今朝大妈圣地。。。,/Date(1499916110000+0800)/,0
35240601,建筑呈方形，皇地祗神，环境优美。,/Date(1492170123000+0800)/,0
38031374,经常去的公园之一～很大～环境不错,/Date(1489251570000+0800)/,0
69208154,作为皇家园林，维护的不是太好！,/Date(1528942479000+0800)/,0
41387123,庙会是地坛春节期间们传统节目。,/Date(1495028926000+0800)/,0
35240601,地坛庙会人多，商品多，小吃多。,/Date(1485533629000+0800)/,0
48109356,&amp;#180;･ᴗ･`便宜门票才区区几块钱，但感觉公园里除了树还是树没啥有意思的…,/Date(1486804411000+0800)/,1
21980238,门票两元，核心景区正在新修，还要门票，其它也没什么好看。如果时间紧张这个景点就不用去了。,/Date(1453548099000+0800)/,0
5990745,地坛公园，没有多大意思，大概只有每年的春节庙会期间热闹一阵。,/Date(1501173387000+0800)/,0
23512390,冲着名气去的，但是没啥可玩的，可能有庙会要好点吧！,/Date(1458450810000+0800)/,0
6715205,只有春节庙会的时候热闹有气氛，其他时间就是大公园。,/Date(1458024989000+0800)/,0
19073620,地坛的名气要小很多，景色也一般，适合没事逛一逛。,/Date(1455947405000+0800)/,0
4786600,自然没天坛好，附近的银杏大道可以，但是时间要对,/Date(1495211252000+0800)/,0
4292700,好久没去了，这次去感觉修过了，没有那么荒了！,/Date(1560286958000+0800)/,0
1468200,除了几棵古树之外外，好像没什么可看的了……,/Date(1558205314000+0800)/,0
14820924,秋天银杏满地的时候很美，春节期间会有庙会。,/Date(1461948062000+0800)/,0
31565074,有历史文化底缊，景色不错，性价比可以。,/Date(1504101449000+0800)/,0
172008374,比较普通，小门票比较多，讲解比较简单,/Date(1533874854000+0800)/,0
14385656,史铁生的我的地坛，现在成了书摊了～哎,/Date(1488880382000+0800)/,0
13403583,基本上来这里就是看庙会来了，人很多。,/Date(1477816009000+0800)/,0
3633499,皇家气派确实很宏伟，主要旅游景点。,/Date(1517925253000+0800)/,0
96118892,坑的很，携程买的票无法检票，进不了地坛公园。也无法退票，大家不要在这边买了，,/Date(1604802772000+0800)/,0
19822191,原以为地坛庙会会有节目。我们去的时间不对。所以没有看到节目。里面很多人买北京特产小吃的。公园很大。其实就感觉是人看人。其他不好玩。,/Date(1485821201000+0800)/,0
9034521,地坛公园感觉像个街心花园，几个景点都另做他用，不对外开放。门票2元，主题建筑方泽坛需要另外收费，院内树木茂密，当公园走走还行。,/Date(1526868656000+0800)/,0
46486775,竟然还要门票，里面真的什么也没有，就是普通的广场种满树，去的时候到处都在施工，不值得专门去。,/Date(1500425207000+0800)/,1
19538495,屏幕关了，就没音啦，很不好。用前试时就是，还以为免费的就是这个样呢,/Date(1561287235000+0800)/,0
6459177,根本用不了！打电话联系，没人接。花钱买教训,/Date(1573983260000+0800)/,0
36351128,这个东西在哪？长啥样？怎么取都不知道。,/Date(1520126207000+0800)/,0
